Unnamed: 0,id,type,boatClass,make,model,length_ft,beam_ft,dryWeight_lb,hullMaterial,numEngines,engineCategory,length_m,beam_m,Area_m2
1,7016498,power,power-center,Glasstream,240 CCX,24,8.25,3300,fiberglass,1,outboard,7.3152,2.5146,18.39480192
2,5841592,power,power-bay,Glasstream,228 Bay Tournament,22.83,8,2300,fiberglass,1,outboard,6.958584,2.4384,16.96781123
3,4442873,power,power-center,Glasstream,221 CC,22,8.08,,composite,1,outboard,6.7056,2.462784,16.51444439
4,6834355,power,power-skiwake,Mastercraft,Xstar,23,8.5,5800,fiberglass,1,inboard,7.0104,2.5908,18.16254432
5,7271315,power,power-pontoon,Starcraft,SLS-1,20,8.5,1921,aluminum,1,outboard-4s,6.096,2.5908,15.7935168
6,7271334,power,power-pontoon,Starcraft,EX 22 FD,22.75,8.5,2100,aluminum,1,outboard-4s,6.9342,2.5908,17.96512536
7,7162591,power,power-other,Sea Ray,SDX 270 Outboard,27,,,fiberglass,1,outboard,8.2296,0,0
8,7271322,power,power-pontoon,Starcraft,LX 22 R,22,8,2027,aluminum,1,outboard-4s,6.7056,2.4384,16.35093504
9,7231525,power,power-saltfish,Scout,235 Dorado,23.67,8.5,,composite,1,outboard-4s,7.214616,2.5908,18.69162713
10,7109836,power,power-sportfish,Scout,355 LXF,35,10.75,9800,fiberglass,3,outboard,10.668,3.2766,34.9547688
11,6850322,power,power-mega,Azimut,Verve 40,40,,,fiberglass,3,outboard,12.192,0,0
12,7131576,power,power-sportfish,Boston Whaler,320 Vantage,32,,,fiberglass,2,outboard,9.7536,0,0
13,7271309,power,power-pontoon,Starcraft,LX 20 F,20,8,,aluminum,1,outboard-4s,6.096,2.4384,14.8644864
14,6886160,power,power-sportfish,Boston Whaler,280 Outrage,28,9.33,6200,fiberglass,2,outboard,8.5344,2.843784,24.26999017
15,7271308,power,power-center,Cape Craft,180cc,18,7.67,,fiberglass,0,,5.4864,2.337816,12.8261937
16,7271306,power,power-pontoon,Starcraft,LX 18 R,18,8,1425,aluminum,0,,5.4864,2.4384,13.37803776
17,7271303,power,power-pontoon,Starcraft,LX 18,18,8,1425,aluminum,1,outboard-4s,5.4864,2.4384,13.37803776
18,7059142,power,power-sportfish,Grady-White,Canyon 326,31,10.75,8500,fiberglass,2,outboard,9.4488,3.2766,30.95993808
19,7271298,power,power-bay,Cape Craft,190 bay,19,7.92,,fiberglass,0,,5.7912,2.414016,13.98004946
20,7248936,power,power-bass,Ranger,519 Ranger,19,8.17,,fiberglass,0,,5.7912,2.490216,14.4213389
21,7248955,power,power-bass,Ranger,518,19,8.17,,fiberglass,0,,5.7912,2.490216,14.4213389
22,7248931,power,power-bass,Ranger,250 Cc,20,8.67,,fiberglass,0,,6.096,2.642616,16.10938714
23,7248764,power,power-bay,Sea Pro,208 Bay,20.67,8.33,2250,fiberglass,1,outboard,6.300216,2.538984,15.99614762
24,6901147,power,power-sportfish,Boston Whaler,350 Realm,35,10.83,13600,fiberglass,3,outboard,10.668,3.300984,35.21489731
25,7052497,power,power-sportfish,Boston Whaler,130 Super Sport,13,5.83,695,fiberglass,1,outboard,3.9624,1.776984,7.041121402
26,7051657,power,power-sportfish,Dargel,210SKT,21,,,fiberglass,1,outboard,6.4008,0,0
27,7152730,power,power-other,Sea Ray,SPX 210 Outboard,21,,,fiberglass,1,outboard,6.4008,0,0
28,7104002,power,power-cruiser,Jeanneau,NC 895,29,9.75,6746,fiberglass,2,outboard-4s,8.8392,2.9718,26.26833456
29,7183314,power,power-bass,Tracker,Pro Team 195 TXW 40th Anniversary Edition,18.58,8.17,1215,aluminum,1,outboard,5.663184,2.490216,14.10255141
30,7039975,power,power-sportfish,Boston Whaler,330 Outrage,33,10.17,9000,fiberglass,2,outboard,10.0584,3.099816,31.17918925
31,6871051,power,power-sportfish,Scout,255 Lxf,25,8.92,4300,fiberglass,2,outboard,7.62,2.718816,20.71737792
32,6924875,power,power-sportfish,Scout,380 LXF,39,12.08,14500,fiberglass,3,outboard,11.8872,3.681984,43.7684802
33,7133902,power,power-sportfish,Sailfish,320 CC,32,10,10500,fiberglass,2,outboard,9.7536,3.048,29.7289728
34,7135006,power,power-sportcruiser,Sea Ray,Sundancer 320 Outboard,32,,,fiberglass,3,outboard,9.7536,0,0
35,6345498,power,power-motor,Coastal Craft,Concord 65,65,16.92,,aluminum,2,inboard,19.812,5.157216,102.1747634
36,6654395,power,power-pontoon,Manitou,25 SES BENCH,25,8.5,,aluminum,1,,7.62,2.5908,19.741896
37,6657571,power,power-jon,Polar Kraft,Jon MV 1448 LW,13.92,5.67,232,aluminum,1,outboard,4.242816,1.728216,7.332502496
38,6671040,power,power-center,Boston Whaler,240 Dauntless,24,8.5,3300,fiberglass,1,outboard,7.3152,2.5908,18.95222016
39,6693349,power,power-aluminum,Ranger,VS1682 WT,16.67,8,1550,aluminum,1,outboard,5.081016,2.4384,12.38954941
40,5093630,power,power-util,Tracker,Topper 1032 Riveted Jon,10,3.83,80,aluminum,1,outboard,3.048,1.167384,3.558186432
41,6775462,power,power-skiwake,Regal,25 RX Surf,26.25,8.5,4750,fiberglass,1,inboard-outboard,8.001,2.5908,20.7289908
42,6775612,power,power-pwc,Bombardier,2018 SPARK 3UP,10,6.5,405,composite,1,,3.048,1.9812,6.0386976
43,4453521,power,power-flybridge,Monte Carlo,MC4,45,13.25,,fiberglass,2,inboard,13.716,4.0386,55.3934376
44,4956848,power,power-motor,Monte Carlo,MC5S,50,14.08,,fiberglass,2,other,15.24,4.291584,65.40374016
45,6752198,power,power-aluminum,Ranger,RT188,18.67,7.67,1180,aluminum,1,outboard,5.690616,2.337816,13.30361313
46,6797002,power,power-pontoon,Coach Pontoons,230 RL,23,8.5,,aluminum,0,,7.0104,2.5908,18.16254432
47,6797014,power,power-center,Stingray,186 CC,18,8.5,,fiberglass,0,,5.4864,2.5908,14.21416512
48,6622283,power,power-pontoon,Coach Pontoons,250 RE,25,,,aluminum,0,,7.62,0,0
49,6310044,power,power-bowrider,Stingray,225 LR,22,,,fiberglass,0,,6.7056,0,0
50,6671077,power,power-pontoon,Coach Pontoons,230RF,23,,,aluminum,0,,7.0104,0,0
51,6622280,power,power-pontoon,Coach Pontoons,250 DCRF,25,,,aluminum,0,,7.62,0,0
52,6622281,power,power-pontoon,Coach Pontoons,230 DCRL,23,,,aluminum,0,,7.0104,0,0
53,6567522,power,power-pontoon,Regency,254 LE3,27.42,8.5,3680,aluminum,1,outboard,8.357616,2.5908,21.65291153
54,5990589,power,power-center,Buddy Davis,28CC,28,9.5,7400,fiberglass,2,outboard,8.5344,2.8956,24.71220864
55,6795648,power,power-pontoon,Manitou,Legacy Shp,26.3,5.5,,aluminum,1,outboard-4s,8.01624,1.6764,13.43842474
56,5764660,power,power-center,Contender,39 ST,39,10.83,7800,fiberglass,1,outboard,11.8872,3.300984,39.239457
57,5764578,power,power-center,Contender,35 ST,35,10,6600,fiberglass,1,outboard,10.668,3.048,32.516064
58,5762299,power,power-center,Contender,30 ST,30,9.5,5450,fiberglass,2,multiple,9.144,2.8956,26.4773664
59,6753168,power,power-saltfish,Pursuit,OS 325 Offshore,34.5,10.83,12430,fiberglass,1,outboard,10.5156,3.300984,34.71182735
60,6768195,power,power-center,BlackWater,43 SF,43,11.92,18000,fiberglass,0,,13.1064,3.633216,47.61838218
61,6820261,power,power-skiwake,Regal,23 RX Surf,24,8.5,4280,fiberglass,1,inboard-outboard,7.3152,2.5908,18.95222016
62,6229700,power,power-highperf,Nor-Tech,390 Center Console,39,9.83,10500,fiberglass,1,inboard,11.8872,2.996184,35.61623844
63,6654601,power,power-pontoon,Manitou,25 Encore RF SHP,25,8.5,,aluminum,1,,7.62,2.5908,19.741896
64,6759985,power,power-center,Sea Hunt,Ultra 211,21.08,8.25,2300,fiberglass,1,outboard,6.425184,2.5146,16.15676769
65,6769346,power,power-skiwake,Cobalt,CS23 Surf,23,8.5,3700,fiberglass,1,inboard-outboard,7.0104,2.5908,18.16254432
66,6840148,power,power-bay,Sea Pro,248 Bay,24.8,8.75,3000,fiberglass,1,outboard-4s,7.55904,2.667,20.15995968
67,6767683,power,power-center,Deep Impact,399 Sport,39,10.58,14500,fiberglass,0,,11.8872,3.224784,38.33365236
68,6853114,power,power-pontoon,Manitou,SES Flip SHP,25,8.5,,aluminum,1,outboard-4s,7.62,2.5908,19.741896
69,6667160,power,power-skiwake,Centurion,Fi23,23,8.5,5150,fiberglass,1,inboard,7.0104,2.5908,18.16254432
70,6508498,power,power-skiwake,Supreme,S211 - SURF READY!,21,8.5,4200,fiberglass,1,inboard,6.4008,2.5908,16.58319264
71,6508460,power,power-skiwake,Supreme,S238,23,8.5,4700,fiberglass,1,inboard,7.0104,2.5908,18.16254432
72,6508433,power,power-skiwake,Supreme,S224,22,7.92,3650,fiberglass,1,inboard,6.7056,2.414016,16.18742569
73,6235160,power,power-jon,Tracker,Grizzly 1648 MVX Jon,16.08,6,587,aluminum,1,outboard,4.901184,1.8288,8.963285299
74,6333045,power,power-jon,Tracker,Grizzly 1754 MVX SC,17.08,6.5,882,aluminum,1,outboard,5.205984,1.9812,10.3140955
75,6355326,power,power-jon,Tracker,Topper 1036 Riveted Jon,9.83,4.33,112,aluminum,1,outboard,2.996184,1.319784,3.954315704
76,6355336,power,power-jon,Tracker,Topper 1236 Riveted Jon,11.92,4.33,126,aluminum,1,outboard,3.633216,1.319784,4.795060345
77,6203368,power,power-util,Tracker,Topper 1542 Riveted Jon,15,5,190,aluminum,1,outboard,4.572,1.524,6.967728
78,6858688,power,power-bass,Vexus,AVX1880,18.1,7.92,,aluminum,1,outboard-4s,5.51688,2.414016,13.31783659
79,6775395,power,power-pontoon,Sylvan,Mirage 8522 LZ,22,8.5,2100,aluminum,1,outboard-4s,6.7056,2.5908,17.37286848
80,6855780,power,power-bowrider,Cobalt,R5,25,8.5,4880,fiberglass,1,inboard-outboard,7.62,2.5908,19.741896
81,6753692,power,power-bass,Ranger,Z521L,21.58,8.08,1925,fiberglass,1,outboard,6.577584,2.462784,16.19916863
82,6788441,power,power-deck,Regal,26 FasDeck,26.5,8.5,5050,fiberglass,1,inboard-outboard,8.0772,2.5908,20.92640976
83,6788996,power,power-pontoon,Manitou,AURORA 23 LE,23,8.5,2995,aluminum,1,outboard-4s,7.0104,2.5908,18.16254432
84,6780438,power,power-pontoon,Manitou,Encore,26.3,8.5,3420,aluminum,1,outboard-4s,8.01624,2.5908,20.76847459
85,6871297,power,power-bass,Triton,189 TRX,18.8,7.83,,fiberglass,1,,5.73024,2.386584,13.6756991
86,6330892,power,power-bay,Mako,21 LTS,21,8.33,2100,fiberglass,1,outboard,6.4008,2.538984,16.25152879
87,6877415,power,power-pontoon,Sun Tracker,Party Barge 22 XP3,24.17,8.5,2885,aluminum,1,outboard,7.367016,2.5908,19.08646505
88,6877426,power,power-pontoon,Sun Tracker,Party Barge 22 DLX,24.17,8.5,1920,aluminum,1,outboard,7.367016,2.5908,19.08646505
89,6877559,power,power-pontoon,Sun Tracker,Party Barge 24 XP3,26.17,8.5,3095,aluminum,1,outboard-4s,7.976616,2.5908,20.66581673
90,6862580,power,power-pontoon,Manitou,23 Aurora LE RF VP,23,8.5,,aluminum,1,,7.0104,2.5908,18.16254432
91,6851968,power,power-saltfish,Boston Whaler,315 Conquest,31,10.67,8800,fiberglass,2,outboard,9.4488,3.252216,30.72953854
92,6870099,power,power-bowrider,Glastron,GTS 225,22,8.33,3360,fiberglass,1,inboard-outboard,6.7056,2.538984,17.02541111
93,6752405,power,power-aluminum,Ranger,RT178C,17.67,7.67,1080,aluminum,1,outboard,5.385816,2.337816,12.59104682
94,6752243,power,power-aluminum,Ranger,RT198P,19.33,7.67,1300,aluminum,1,outboard,5.891784,2.337816,13.7739069
95,6886958,power,power-jon,Excel,1854 SW,18,5.75,715,aluminum,1,outboard,5.4864,1.7526,9.61546464
96,6887780,power,power-bay,Pathfinder,2200 TRS,22,8.5,,fiberglass,0,,6.7056,2.5908,17.37286848
97,6621612,power,power-skiwake,Centurion,Fi21,21,8.5,5150,ferro-cement,1,inboard,6.4008,2.5908,16.58319264
98,6419893,power,power-skiwake,Yamaha Boats,242X E-Series,24,8.5,4032,fiberglass,1,inboard,7.3152,2.5908,18.95222016
99,6079069,power,power-bay,Sea Fox,240 Viper,24,,,fiberglass,0,,7.3152,0,0
100,5450977,power,power-expresscruiser,Prestige,420S,42,,,fiberglass,0,,12.8016,0,0
101,6901053,power,power-center,Scarab,255 ID Open,25,8.33,3800,fiberglass,0,,7.62,2.538984,19.34705808
102,6901576,power,power-center,Sea Pro,208,20,8.33,,fiberglass,0,,6.096,2.538984,15.47764646
103,6901566,power,power-center,Sea Pro,239,23,8.33,,fiberglass,1,outboard,7.0104,2.538984,17.79929343
104,6746641,power,power-fresh,Alumacraft,Classic 165 Sport,16.33,6.83,955,aluminum,1,outboard,4.977384,2.081784,10.36183837
105,6222579,power,power-center,Sea Born,SX239 Offshore,23,8.92,3850,fiberglass,0,,7.0104,2.718816,19.05998769
106,6877632,power,power-center,Sundance,DX20,19.83,7.83,1575,fiberglass,1,outboard,6.044184,2.386584,14.42495283
107,6221951,power,power-center,Buddy Davis,28 CC,28,9.5,7400,fiberglass,2,outboard,8.5344,2.8956,24.71220864
108,6760177,power,power-saltfish,Sea Hunt,Gamefish 30,29.75,9.75,6000,fiberglass,2,outboard,9.0678,2.9718,26.94768804
109,5930608,power,power-skiff,Sea Chaser,21 Sea Skiff,19,8,2030,fiberglass,1,outboard,5.7912,2.4384,14.12126208
110,6915661,power,power-aluminum,Lund,1400 Fury Tiller,14.75,5.83,500,aluminum,1,outboard,4.4958,1.776984,7.988964667
111,6809952,power,power-bass,Lund,1775 Renegade,17.75,7.92,1195,aluminum,1,outboard,5.4102,2.414016,13.06030936
112,6890275,power,power-util,Lund,1760 Predator SC,17,7.08,910,aluminum,1,outboard,5.1816,2.157984,11.18180989
113,6916216,power,power-aluminum,Lund,1675 Impact Sport,16.83,7.5,1175,aluminum,1,outboard,5.129784,2.286,11.72668622
114,6911050,power,power-aluminum,Lund,1900 Tyee,19,8.17,1600,aluminum,1,outboard-4s,5.7912,2.490216,14.4213389
115,6844352,power,power-center,Boston Whaler,190 Montauk,19,8,1900,fiberglass,1,outboard-4s,5.7912,2.4384,14.12126208
116,6298481,power,power-bay,Sea Chaser,26 LX,26,8.58,3432,fiberglass,1,outboard-4s,7.9248,2.615184,20.72481016
117,4904023,power,power-flybridge,Riviera,Open Flybridge,43,15,,fiberglass,2,inboard,13.1064,4.572,59.9224608
118,6873659,power,power-center,Edgewater,230 CC,23,8.5,3900,fiberglass,1,outboard-4s,7.0104,2.5908,18.16254432
119,6832263,power,power-bowrider,Monterey,224FS,22.9,8.5,3500,fiberglass,1,inboard-outboard,6.97992,2.5908,18.08357674
120,6832246,power,power-bowrider,Monterey,M225,22,8.5,,fiberglass,1,,6.7056,2.5908,17.37286848
121,6914789,power,power-center,Cape Horn,22OS,22.75,9.08,2775,fiberglass,1,outboard-4s,6.9342,2.767584,19.19098097
122,6877341,power,power-pontoon,Sun Tracker,SportFish 22 DLX,24.17,8.5,2159,aluminum,1,outboard,7.367016,2.5908,19.08646505
123,6877276,power,power-deck,Tahoe,1950,19.42,8.5,3135,fiberglass,1,outboard,5.919216,2.5908,15.33550481
124,6731612,power,power-jon,Tracker,Guide V-14 Deep V,14.17,5.67,238,aluminum,1,outboard,4.319016,1.728216,7.464192555
125,6903670,power,power-walk,Steiger Craft,21 Miami Pilothouse,21,8,,fiberglass,1,outboard-4s,6.4008,2.4384,15.60771072
126,6923012,power,power-center,Pioneer,180 Sportfish,17.83,7.58,1100,fiberglass,1,outboard,5.434584,2.310384,12.55597592
127,6858040,power,power-pontoon,Sylvan,Mirage 8522 LZ Port LE,22,8.5,2100,aluminum,1,outboard-4s,6.7056,2.5908,17.37286848
128,6926227,power,power-aluminum,Lund,1875 Impact SS,18.92,8,1380,aluminum,1,outboard,5.766816,2.4384,14.06180413
129,6857469,power,power-pontoon,Sylvan,Mirage 8522 RL LE,22,8.5,2295,aluminum,1,outboard-4s,6.7056,2.5908,17.37286848
130,6926319,power,power-aluminum,Lund,1775 Impact SS,17.92,8,1310,aluminum,1,outboard,5.462016,2.4384,13.31857981
131,6927229,power,power-aluminum,Lund,1675 Adventure SS,16.83,7.25,1060,aluminum,1,outboard,5.129784,2.2098,11.33579668
132,6908791,power,power-bowrider,Monterey,238SS,23,8.5,3950,fiberglass,1,inboard-outboard,7.0104,2.5908,18.16254432
133,6858578,power,power-flybridge,Tiara,44 Flybridge,44,14.92,,fiberglass,2,inboard,13.4112,4.547616,60.9889877
134,6893163,power,power-bay,Skeeter,SX 230,23.5,8.17,2875,composite,1,outboard,7.1628,2.490216,17.83691916
135,6857198,power,power-pontoon,Sylvan,Mirage 8522 Cruise LE-S,22,8.5,2100,aluminum,1,outboard-4s,6.7056,2.5908,17.37286848
136,6932459,power,power-center,Sea Chaser,24 HFC,24,8.42,3165,fiberglass,1,outboard,7.3152,2.566416,18.77384632
137,6934133,power,power-center,Boston Whaler,170 Dauntless,17,6.83,1680,fiberglass,1,outboard-4s,5.1816,2.081784,10.78697197
138,6924027,power,power-bass,Vexus,AVX 2080,20.2,7.92,,aluminum,1,outboard-4s,6.15696,2.414016,14.86299995
139,6864904,power,power-bass,Phoenix,920 PRO XP,20,8,,fiberglass,1,outboard-4s,6.096,2.4384,14.8644864
140,6939228,power,power-center,Parker,2100 Special Edition SE,21,8.5,,fiberglass,0,,6.4008,2.5908,16.58319264
141,6939275,power,power-aluminum,Lund,1875 Pro Guide,18.83,7.75,1336,aluminum,1,outboard,5.739384,2.3622,13.55757288
142,6919064,power,power-skiwake,Moomba,Craz Pro,22,8.33,4200,fiberglass,1,inboard,6.7056,2.538984,17.02541111
143,6877335,power,power-center,Edgewater,230CC,23,8.5,,fiberglass,1,,7.0104,2.5908,18.16254432
144,5986986,power,power-saltfish,Parker,2520 XLD Sport Cabin,25.33,9.5,5800,fiberglass,1,outboard-4s,7.720584,2.8956,22.35572303
145,6342884,power,power-saltfish,Parker,2320 SL Sport Cabin,23,8.5,4100,fiberglass,1,outboard,7.0104,2.5908,18.16254432
146,6506927,power,power-center,Parker,1801 Center Console,18,7.5,2050,fiberglass,1,outboard,5.4864,2.286,12.5419104
147,6342915,power,power-center,Parker,2100 Center Console,21,8.5,2750,fiberglass,1,outboard,6.4008,2.5908,16.58319264
148,4000524,power,power-motor,Ocean Alexander,Motor Yacht,112,,,fiberglass,2,,34.1376,0,0
149,6941306,power,power-pontoon,Manitou,25 XPLODE SRW SHP,25,8.5,3885,aluminum,1,outboard-4s,7.62,2.5908,19.741896
150,6836035,power,power-skiwake,Nautique,Super Air Nautique GS20,20,8.33,4500,fiberglass,1,inboard,6.096,2.538984,15.47764646
151,6954627,power,power-fresh,Ranger,621 FS,21,8.33,,fiberglass,1,,6.4008,2.538984,16.25152879
152,6939133,power,power-fresh,Ranger,2080 MS,20,100,,fiberglass,1,outboard-4s,6.096,30.48,185.80608
153,6832199,power,power-motor,Explorer Motor Yachts,50 Sedan,51.18,14.75,45635.69,fiberglass,2,inboard,15.599664,4.4958,70.13296941
154,6832184,power,power-motor,Explorer Motor Yachts,60/62,61.81,16.42,70547.92,fiberglass,2,inboard,18.839688,5.004816,94.28917194
155,6832217,power,power-sportcruiser,Explorer Motor Yachts,Hudson Bay 50 Sedan,52.56,15.42,41887.83,fiberglass,2,inboard,16.020288,4.700016,75.29560992
156,6810832,power,power-aluminum,Tracker,Pro Guide V-175 Combo,17.58,8.08,1525,aluminum,1,outboard,5.358384,2.462784,13.19654238
157,6957111,power,power-skiwake,Centurion,Ri 237,25,8.5,,fiberglass,0,,7.62,2.5908,19.741896
158,6893180,power,power-bowrider,Cobalt,R30,30.67,9.5,7400,fiberglass,1,inboard-outboard,9.348216,2.8956,27.06869425
159,6929453,power,power-bowrider,Cobalt,R7,27.5,8.5,5600,fiberglass,1,inboard-outboard,8.382,2.5908,21.7160856
160,6929606,power,power-bowrider,Four Winns,H180,18.5,8.33,3000,fiberglass,1,inboard-outboard,5.6388,2.538984,14.31682298
161,6934144,power,power-deck,Four Winns,HD180,18.5,8.33,3000,fiberglass,1,inboard-outboard,5.6388,2.538984,14.31682298
162,6934214,power,power-deck,Four Winns,HD200,20.08,8.33,3760,fiberglass,1,inboard-outboard,6.120384,2.538984,15.53955705
163,6932012,power,power-bowrider,Four Winns,H190,19,7.92,2800,fiberglass,1,inboard-outboard,5.7912,2.414016,13.98004946
164,6934316,power,power-bowrider,Four Winns,H210,21.58,8.42,3450,fiberglass,1,inboard-outboard,6.577584,2.566416,16.88081682
165,6934443,power,power-bowrider,Four Winns,H230,23.58,8.42,3850,fiberglass,1,inboard-outboard,7.187184,2.566416,18.44530401
166,6388660,power,power-bowrider,Four Winns,F190,19,,,fiberglass,1,,5.7912,0,0
167,6692279,power,power-center,Wellcraft,182 Fisherman,18.17,8,2200,fiberglass,1,outboard,5.538216,2.4384,13.50438589
168,6832190,power,power-pilot,Explorer Motor Yachts,50 Pilot House,50,15.42,,fiberglass,2,inboard,15.24,4.700016,71.62824384
169,6712786,power,power-bay,NauticStar,231 Coastal,23,8.5,2650,fiberglass,1,outboard,7.0104,2.5908,18.16254432
170,6712745,power,power-bay,NauticStar,227 XTS,22,8.5,2175,fiberglass,1,outboard,6.7056,2.5908,17.37286848
171,4681976,power,power-mega,Ocean Alexander,135 Megayacht,135,27,,fiberglass,2,inboard,41.148,8.2296,338.6315808
172,6564086,power,power-motor,Ocean Alexander,90 Motoryacht Flybridge,90,22.42,,steel,0,,27.432,6.833616,187.4597541
173,4656378,power,power-mega,Ocean Alexander,120 Megayacht,120,25.17,,fiberglass,2,inboard,36.576,7.671816,280.604342
174,4681986,power,power-mega,Ocean Alexander,155 Megayacht,155,29,,fiberglass,2,inboard,47.244,8.8392,417.5991648
175,6564113,power,power-motor,Ocean Alexander,90 Motoryacht Skylounge,90,22.42,,steel,0,,27.432,6.833616,187.4597541
176,6565058,power,power-motor,Ocean Alexander,100 Motoryacht Skylounge,100,23,,fiberglass,0,,30.48,7.0104,213.676992
177,6963511,power,power-center,Edgewater,188CC,18.67,7.75,2050,fiberglass,1,outboard,5.690616,2.3622,13.44237312
178,4681897,power,power-motor,Ocean Alexander,85 Motoryacht,85,20.08,,fiberglass,2,inboard,25.908,6.120384,158.5669087
179,5950024,power,power-center,Edgewater,262 CC,26,9.25,5000,fiberglass,2,outboard-4s,7.9248,2.8194,22.34318112
180,6940817,power,power-skiwake,Cobalt,R7 Surf,27.5,8.5,5850,fiberglass,1,inboard-outboard,8.382,2.5908,21.7160856
181,6974328,power,power-pwc,Sea-Doo,RXT® 230,11.32,4.08,805,fiberglass,0,,3.450336,1.243584,4.290782644
182,6881242,power,power-center,Steiger Craft,28 Miami,28,10,8400,composite,2,outboard,8.5344,3.048,26.0128512
183,6837450,power,power-bass,G3,Sportsman 1810,18.8,7.67,,aluminum,1,outboard-4s,5.73024,2.337816,13.39624676
184,6876231,power,power-pontoon,Sylvan,Mirage 8522 DLZ LES,22,8.5,2295,aluminum,1,outboard-4s,6.7056,2.5908,17.37286848
185,6826438,power,power-pontoon,G3,Suncatcher V 18F,18,8.5,,aluminum,1,outboard-4s,5.4864,2.5908,14.21416512
186,6978545,power,power-pontoon,G3,Suncatcher E324SS,24,8.5,,aluminum,1,outboard-4s,7.3152,2.5908,18.95222016
187,6843618,power,power-skiwake,Nautique,G23,23,8.5,,fiberglass,1,,7.0104,2.5908,18.16254432
188,4580129,power,power-rib,Pirelli,PZERO 1100 CABIN,36,11.5,,fiberglass,2,,10.9728,3.5052,38.46185856
189,4534609,power,power-rib,Pirelli,Pzero 1100 Outboard,36,11.5,,fiberglass,2,outboard,10.9728,3.5052,38.46185856
190,4306652,power,power-rib,Pirelli,PZero 1400 Cabin,46,12,,fiberglass,2,inboard-outboard,14.0208,3.6576,51.28247808
191,3466298,power,power-rib,Pirelli,PZero 1400 Carbon Edition,46,12,,other,2,,14.0208,3.6576,51.28247808
192,4490398,power,power-rib,Pirelli,PZero 1400 Outboard Edition,46,12.58,,fiberglass,3,outboard-4s,14.0208,3.834384,53.76113119
193,3463889,power,power-rib,Pirelli,Pzero 1400 Yacht Edition,46,12.58,,composite,2,,14.0208,3.834384,53.76113119
194,6877874,power,power-bay,Blazer,Bay 2170,21.58,8.33,1600,fiberglass,1,outboard,6.577584,2.538984,16.70038053
195,6908282,power,power-center,Cape Horn,36XS,36.92,10.5,7900,fiberglass,3,outboard-4s,11.253216,3.2004,36.01479249
196,6877706,power,power-center,Sea Born,LX21 Center Console,20.5,8.5,2100,fiberglass,1,outboard,6.2484,2.5908,16.18835472
197,6584565,power,power-center,Sea Born,SV19,19,7.5,1450,fiberglass,1,outboard,5.7912,2.286,13.2386832
198,6984713,power,power-pontoon,Lund,LX220 Fish & Cruise Tritoon,23.5,8.5,2875,aluminum,1,outboard-4s,7.1628,2.5908,18.55738224
199,6984820,power,power-pontoon,Lund,ZX230 Fish & Cruise,23,8.5,,aluminum,0,,7.0104,2.5908,18.16254432
200,5375736,power,power-center,Glasstream,240 CC,24,8.17,3000,fiberglass,1,outboard-4s,7.3152,2.490216,18.21642808
201,5663681,power,power-center,Glasstream,328 SCX,32,8.92,5500,composite,2,outboard-4s,9.7536,2.718816,26.51824374
202,6431822,power,power-center,Glasstream,260 TE,26,8.42,3150,fiberglass,1,outboard,7.9248,2.566416,20.33833352
203,6843824,power,power-bowrider,Formula,240 Bowrider,24,8.5,5000,fiberglass,1,inboard-outboard,7.3152,2.5908,18.95222016
204,6048291,power,power-center,Sea Born,FX21,20.5,8.08,1850,fiberglass,0,,6.2484,2.462784,15.38845955
205,6048411,power,power-center,Buddy Davis,28,28,,,fiberglass,0,,8.5344,0,0
206,6059210,power,power-center,Buddy Davis,34CC,34,,,fiberglass,0,,10.3632,0,0
207,6221946,power,power-center,Buddy Davis,42 CC,42,12.5,19320,fiberglass,4,outboard,12.8016,3.81,48.774096
208,6336380,power,power-center,Blazer,Boats 2400,24,8.5,1900,fiberglass,1,outboard-4s,7.3152,2.5908,18.95222016
209,6336693,power,power-pontoon,Sun Tracker,SIGNATURE BASS BUGGY 18,24,,,aluminum,0,,7.3152,0,0
210,6935338,power,power-center,Glasstream,192 CC,19.08,8,1900,fiberglass,1,outboard,5.815584,2.4384,14.18072003
211,6935444,power,power-center,Sea Born,LX24-CC,23.75,8.5,2600,fiberglass,2,outboard,7.239,2.5908,18.7548012
212,6935391,power,power-bay,Blazer,Bay 2220 Fisherman,22.17,8.33,1800,fiberglass,1,outboard,6.757416,2.538984,17.15697111
213,6935761,power,power-center,Blazer,2420 GTS,24,8.33,,fiberglass,1,outboard,7.3152,2.538984,18.57317576
214,6221857,power,power-center,Buddy Davis,34 cc,34,10.5,10000,fiberglass,3,outboard,10.3632,3.2004,33.16638528
215,6540430,power,power-center,Glasstream,242 CCX,23.83,8.42,2610,fiberglass,1,outboard,7.263384,2.566416,18.64086491
216,6540536,power,power-center,Glasstream,170 FLATS,17.16,6.58,1175,fiberglass,1,outboard,5.230368,2.005584,10.48994237
217,6515820,power,power-aluminum,Gregor,Sportsman 16 Walk-thru,16,,751,aluminum,1,,4.8768,0,0
218,6746632,power,power-pontoon,Qwest,LS 820 RLS,20.33,8.08,1725,aluminum,1,outboard,6.196584,2.462784,15.26084793
219,6524618,power,power-aluminum,Gregor,Osprey 17 Walkthru,17,,,aluminum,0,,5.1816,0,0
220,6855321,power,power-aluminum,Alumacraft,Competitor 165 Sport,16.58,7.25,1040,aluminum,1,outboard,5.053584,2.2098,11.16740992
221,6855332,power,power-aluminum,Alumacraft,Voyageur 175 Sport,17.83,7.25,1070,aluminum,1,outboard,5.434584,2.2098,12.00934372
222,6987394,power,power-bass,Tracker,Pro Team 175 TXW,17.58,7.42,1009,aluminum,1,outboard-4s,5.358384,2.261616,12.11860699
223,6856303,power,power-bass,Nitro,Z19,19.33,7.83,1850,fiberglass,1,outboard,5.891784,2.386584,14.06123743
224,6559472,power,power-center,Mako,18 LTS,18.5,7.58,1752,fiberglass,1,outboard,5.6388,2.310384,13.0277933
225,6363389,power,power-bowrider,Tahoe,450 TF,20,7.83,2365,fiberglass,1,outboard,6.096,2.386584,14.54861606
226,6901552,power,power-bowrider,Cobalt,25SC,25,8.5,,fiberglass,0,,7.62,2.5908,19.741896
227,6940419,power,power-bowrider,Cobalt,Cs23,23.67,8.5,3700,fiberglass,1,inboard-outboard,7.214616,2.5908,18.69162713
228,6551605,power,power-other,Cobalt,30SC,30,,,fiberglass,1,,9.144,0,0
229,6977887,power,power-center,Edgewater,262CC,26.42,9.25,5000,fiberglass,1,outboard,8.052816,2.8194,22.70410943
230,6808503,power,power-center,Edgewater,370,37,11.33,8200,fiberglass,0,,11.2776,3.453384,38.9458834
231,6978058,power,power-pontoon,Manitou,20 Aurora,20,8.5,,aluminum,0,,6.096,2.5908,15.7935168
232,6301456,power,power-saltfish,Edgewater,158SC,17,,,fiberglass,1,,5.1816,0,0
233,6301455,power,power-center,Edgewater,170CC,17,,,fiberglass,1,,5.1816,0,0
234,6977860,power,power-center,Edgewater,245CC,24.5,8.5,3500,fiberglass,1,outboard,7.4676,2.5908,19.34705808
235,6683519,power,power-center,Edgewater,320CC,31.83,10.17,6500,fiberglass,1,,9.701784,3.099816,30.07374527
236,6584198,power,power-pontoon,Manitou,25 LEGACY RFXW,26.33,,3885,aluminum,1,,8.025384,0,0
237,6981499,power,power-center,G3,Gator Tough 20 CC DLX,20,7.67,1110,aluminum,1,outboard-4s,6.096,2.337816,14.25132634
238,6994299,power,power-bass,Vexus,AVX189,18.7,7.83,,aluminum,1,outboard-4s,5.69976,2.386584,13.60295602
239,6777487,power,power-bass,G3,Sportsman 1710 PFX,17.8,7.67,,aluminum,1,outboard-4s,5.42544,2.337816,12.68368044
240,6997496,power,power-pontoon,Lund,ZX230,22.4,8.58,,aluminum,1,outboard-4s,6.82752,2.615184,17.85522106
241,6998094,power,power-pontoon,Lund,ZX23DS,23.8,8.5,,aluminum,1,outboard-4s,7.25424,2.5908,18.79428499
242,6943337,power,power-walk,Steiger Craft,23 Miami,23,8.5,,fiberglass,1,outboard,7.0104,2.5908,18.16254432
243,6920224,power,power-aluminum,Lund,1875 Pro-V Sport,18.83,8.08,1710,aluminum,1,outboard,5.739384,2.462784,14.13486309
244,7000474,power,power-bay,Vexus,AVX1980CC,19,7.92,,aluminum,1,outboard-4s,5.7912,2.414016,13.98004946
245,6979350,power,power-pontoon,G3,Suncatcher V322RC,22,8.5,,aluminum,1,outboard-4s,6.7056,2.5908,17.37286848
246,6826472,power,power-pontoon,G3,Suncatcher V 322SS,22,8.5,,aluminum,1,outboard-4s,6.7056,2.5908,17.37286848
247,6878798,power,power-pontoon,Barletta,E24U,26,8.5,,aluminum,1,,7.9248,2.5908,20.53157184
248,6877364,power,power-dualconsole,Edgewater,248CX,24,8.5,,fiberglass,0,,7.3152,2.5908,18.95222016
249,6879743,power,power-bay,Pathfinder,2005 TRS,20,8,,fiberglass,0,,6.096,2.4384,14.8644864
250,6997400,power,power-center,Pathfinder,2500 Hybrid,24.75,8.5,3500,fiberglass,1,outboard,7.5438,2.5908,19.54447704
251,6997168,power,power-center,Pathfinder,2300 HPS,23.5,8.33,3000,fiberglass,1,outboard,7.1628,2.538984,18.1862346
252,7007593,power,power-deck,Hurricane,FD 196 RE3 OB,19,7.5,,fiberglass,1,outboard,5.7912,2.286,13.2386832
253,7007738,power,power-jon,Xpress,HD16DBX,16,6.5,600,aluminum,1,outboard,4.8768,1.9812,9.66191616
254,7007754,power,power-aluminum,Xpress,XP16PF,16,6.5,667,aluminum,1,outboard,4.8768,1.9812,9.66191616
255,6996460,power,power-sportfish,Albemarle,290 Express Fisherman,29,10.5,13000,fiberglass,2,outboard-4s,8.8392,3.2004,28.28897568
256,7011810,power,power-bass,Xpress,XP160,16,7.17,667,aluminum,1,outboard,4.8768,2.185416,10.65783675
257,7011814,power,power-bass,Xpress,XP7,17,7.58,1050,aluminum,1,outboard,5.1816,2.310384,11.97148573
258,7011815,power,power-bass,Xpress,X17PFC,17,7.33,951,aluminum,1,outboard,5.1816,2.234184,11.57664781
259,7011820,power,power-bass,Xpress,X18PFC,18,7.92,1187,aluminum,1,outboard,5.4864,2.414016,13.24425738
260,7011819,power,power-aluminum,Xpress,XP185 Catfish,18,7.92,1185,aluminum,1,outboard,5.4864,2.414016,13.24425738
261,7011822,power,power-aluminum,Xpress,XP200 Catfish,20.25,7.92,1261,aluminum,1,outboard,6.1722,2.414016,14.89978956
262,7012021,power,power-aluminum,Ranger,RT178,17.67,7.67,1075,aluminum,1,outboard,5.385816,2.337816,12.59104682
263,7012049,power,power-pontoon,Sweetwater,SW 1680 FC,16,8,,aluminum,1,,4.8768,2.4384,11.89158912
264,7012067,power,power-pontoon,Sweetwater,sw 200 c,20,8,,aluminum,1,outboard,6.096,2.4384,14.8644864
265,7012072,power,power-pontoon,Sweetwater,Sunrise 206 C,19.33,8,1173,aluminum,1,outboard,5.891784,2.4384,14.36652611
266,7012080,power,power-pontoon,Sweetwater,SW 2086 C,20,8.5,,aluminum,1,outboard,6.096,2.5908,15.7935168
267,7012084,power,power-pontoon,Sweetwater,SW 2386 DT,23,8.5,,aluminum,1,outboard,7.0104,2.5908,18.16254432
268,7012096,power,power-pontoon,Sweetwater,SW 180 F,19,8,,aluminum,1,,5.7912,2.4384,14.12126208
269,7007681,power,power-jon,Xpress,HD15DBX,15,5.5,545,aluminum,1,outboard,4.572,1.6764,7.6645008
270,6853427,power,power-bowrider,Chaparral,19 H2O Sport,19.33,7.5,2540,fiberglass,1,inboard-outboard,5.891784,2.286,13.46861822
271,6875927,power,power-pontoon,Harris,Sunliner 220,22,8.5,2525,aluminum,1,outboard,6.7056,2.5908,17.37286848
272,6886003,power,power-bowrider,Monterey,238 Super Sport,23,8.5,3950,fiberglass,1,inboard-outboard,7.0104,2.5908,18.16254432
273,6645439,power,power-sportcruiser,Tiara Sport,38 LS,38,12.5,17000,fiberglass,3,outboard,11.5824,3.81,44.128944
274,6517067,power,power-motor,Carver,C40,40,13.83,243000,fiberglass,2,inboard,12.192,4.215384,51.39396173
275,6926551,power,power-bowrider,Monterey,278SS,26.8,8.5,5500,fiberglass,1,inboard-outboard,8.16864,2.5908,21.16331251
276,7010511,power,power-bay,Wellcraft,202 Fisherman,20.33,8.5,2650,fiberglass,1,outboard-4s,6.196584,2.5908,16.05410983
277,7013954,power,power-center,Wellcraft,222 Fisherman,22,8.5,,fiberglass,1,outboard,6.7056,2.5908,17.37286848
278,7014722,power,power-bowrider,Formula,290 Bowrider,29,9,8950,fiberglass,2,inboard-outboard,8.8392,2.7432,24.24769344
279,6525980,power,power-jet,Scarab,195 G,18.83,8,2460,fiberglass,1,inboard,5.739384,2.4384,13.99491395
280,7012293,power,power-deck,Hurricane,SD 187 I/O,18,8.42,,fiberglass,1,inboard-outboard,5.4864,2.566416,14.08038474
281,5664074,power,power-center,Glasstream,280 PRO-X,28,8.42,,composite,1,outboard-4s,8.5344,2.566416,21.90282071
282,6955134,power,power-pontoon,Barletta,E24QC,24,8.5,3560,aluminum,1,outboard-4s,7.3152,2.5908,18.95222016
283,6899084,power,power-pontoon,Barletta,E22U,22,8.5,3402,aluminum,1,outboard-4s,6.7056,2.5908,17.37286848
284,6788659,power,power-skiwake,Malibu,22LSV,22,8.5,4900,fiberglass,1,v-drive,6.7056,2.5908,17.37286848
285,6584259,power,power-center,Grady-White,236 Fisherman,23,8.5,3900,fiberglass,1,outboard-4s,7.0104,2.5908,18.16254432
286,7018997,power,power-bass,Ranger,RT 198P,19,7.67,,aluminum,0,,5.7912,2.337816,13.53876002
287,6851765,power,power-pontoon,Manitou,25 SES Flip VP,25,8.5,,aluminum,1,outboard-4s,7.62,2.5908,19.741896
288,6781132,power,power-deck,Four Winns,HD240 OB,24,8.42,3940,fiberglass,1,outboard,7.3152,2.566416,18.77384632
289,7009893,power,power-pontoon,South Bay,25 Sport RS9,27,8.5,3360,aluminum,1,outboard,8.2296,2.5908,21.32124768
290,7012279,power,power-other,Hurricane,FD 198 REF Outboard,18,7.5,,fiberglass,1,outboard-4s,5.4864,2.286,12.5419104
291,6948998,power,power-center,Boston Whaler,210 Montauk,21.33,8.5,2650,fiberglass,1,outboard-4s,6.501384,2.5908,16.84378567
292,6858891,power,power-skiwake,Malibu,21 VLX,21,8.17,4000,fiberglass,1,inboard,6.4008,2.490216,15.93937457
293,7022684,power,power-pontoon,Aqua Patio,AP 235 AD,24,8.5,,aluminum,1,,7.3152,2.5908,18.95222016
294,7022868,power,power-pontoon,Aqua Patio,AP 235 UL,24,8.5,,aluminum,1,,7.3152,2.5908,18.95222016
295,7024843,power,power-pwc,Bombardier,GTI 130,11,4.33,,composite,1,,3.3528,1.319784,4.424971795
296,6993066,power,power-jet,Yamaha Boats,275E,27,9,5050,fiberglass,0,,8.2296,2.7432,22.57543872
297,6772575,power,power-bowrider,Formula,350 Crossover Bowrider,35,10.75,13470,fiberglass,3,outboard,10.668,3.2766,34.9547688
298,7027723,power,power-pontoon,Sylvan,Mirage 820 Cruise,20,8,,aluminum,1,outboard,6.096,2.4384,14.8644864
299,7027745,power,power-pontoon,Sylvan,MIRAGE 820CNF,20,8,,aluminum,1,outboard,6.096,2.4384,14.8644864
300,7029126,power,power-pontoon,Premier,230 Solaris RF,23.5,8.5,2350,aluminum,1,outboard,7.1628,2.5908,18.55738224
301,7018787,power,power-pontoon,Premier,200 SunSpree,20.5,8.5,1850,aluminum,1,outboard,6.2484,2.5908,16.18835472
302,6979577,power,power-bay,Excel,Bay Pro 230,23,102,2370,aluminum,1,,7.0104,31.0896,217.9505318
303,7029430,power,power-bowrider,Cobalt,CS22,22,8.5,3400,fiberglass,1,,6.7056,2.5908,17.37286848
304,7029493,power,power-bowrider,Cobalt,R3,23.83,8.5,4450,fiberglass,1,inboard-outboard,7.263384,2.5908,18.81797527
305,6862448,power,power-motor,Tiara,Coupe,44,14.92,28700,fiberglass,2,inboard,13.4112,4.547616,60.9889877
306,6969978,power,power-pcatamaran,World Cat,255 DC,24.5,8.5,6600,fiberglass,1,outboard,7.4676,2.5908,19.34705808
307,6969989,power,power-pcatamaran,World Cat,320 DC,32.17,10.5,12500,fiberglass,1,outboard,9.805416,3.2004,31.38125337
308,6929565,power,power-pontoon,Manitou,25 SES Bench SHP,25,8.5,3885,aluminum,1,outboard-4s,7.62,2.5908,19.741896
309,6941375,power,power-pontoon,Manitou,25 Aurora LE RF VP,25,8.5,3305,aluminum,1,outboard-4s,7.62,2.5908,19.741896
310,7031775,power,power-aluminum,G3,16 SS Sportsman,15.9,5.75,,aluminum,0,,4.84632,1.7526,8.493660432
311,6875009,power,power-dualconsole,Key West,239 DFS,23,8.5,2800,fiberglass,1,outboard-4s,7.0104,2.5908,18.16254432
312,6899020,power,power-saltfish,Scout,175 Sport Fish,17,7.42,1260,composite,1,outboard-4s,5.1816,2.261616,11.71878947
313,7029055,power,power-pontoon,Premier,240 SunSpree RF,24.42,8.5,2250,aluminum,1,outboard,7.443216,2.5908,19.28388401
314,7029224,power,power-pontoon,Premier,220 Castaway,22.5,8.5,1950,aluminum,0,,6.858,2.5908,17.7677064
315,7029197,power,power-pontoon,Premier,220 SunSation,22.5,8.5,2025,aluminum,1,outboard,6.858,2.5908,17.7677064
316,7011829,power,power-bass,Xpress,X21 Pro,21,7.92,1580,aluminum,1,outboard,6.4008,2.414016,15.45163361
317,7029087,power,power-pontoon,Premier,240 SunSation,24.5,8.5,2325,aluminum,1,outboard,7.4676,2.5908,19.34705808
318,5970071,power,power-mega,Ocean Alexander,112 Megayacht,112,24.5,,composite,2,inboard,34.1376,7.4676,254.9259418
319,7029164,power,power-pontoon,Premier,230 SunSation RF,23.5,8.5,2350,aluminum,1,outboard,7.1628,2.5908,18.55738224
320,6984706,power,power-aluminum,Lund,2075 Pro-V Sport,20,8.5,2785,aluminum,1,outboard,6.096,2.5908,15.7935168
321,6984709,power,power-aluminum,Lund,2075 Tyee,20.67,8.33,1980,aluminum,1,outboard-4s,6.300216,2.538984,15.99614762
322,7032351,power,power-aluminum,Lund,2025 Impact XS,20.17,8,1685,aluminum,1,outboard-4s,6.147816,2.4384,14.99083453
323,6989364,power,power-aluminum,Lund,1875 Crossover XS,18.75,8,,aluminum,1,outboard-4s,5.715,2.4384,13.935456
324,6984688,power,power-aluminum,Lund,1875 Impact XS,18.75,8,1520,aluminum,1,outboard,5.715,2.4384,13.935456
325,6984700,power,power-aluminum,Lund,1975 Pro V Sport,19,10.75,,aluminum,1,outboard-4s,5.7912,3.2766,18.97544592
326,6831446,power,power-pilot,Explorer Motor Yachts,58 Pilot House,61.38,17.33,64460,fiberglass,2,inboard,18.708624,5.282184,98.82239435
327,6832196,power,power-pilot,Explorer Motor Yachts,46 Pilot House,45.7,15.25,34171.65,fiberglass,2,,13.92936,4.6482,64.74645115
328,6988561,power,power-fresh,Lund,219 Pro-V GL,21.9,8.5,3000,fiberglass,1,outboard-4s,6.67512,2.5908,17.2939009
329,7036314,power,power-pontoon,Manitou,Aurora LE,24,8.5,,aluminum,1,,7.3152,2.5908,18.95222016
330,7036325,power,power-bass,Lund,2075 Pro V Bass XS,20.83,8,,aluminum,0,,6.348984,2.4384,15.48136259
331,7036329,power,power-pontoon,Manitou,25 SES,26,8.5,,aluminum,1,,7.9248,2.5908,20.53157184
332,7036417,power,power-pontoon,Manitou,Legacy LT,26,8.5,,aluminum,1,,7.9248,2.5908,20.53157184
333,7036458,power,power-pontoon,Premier,230 Solaris RE,24,8.5,,aluminum,1,,7.3152,2.5908,18.95222016
334,7036523,power,power-pontoon,Premier,Grandview,29,10,,aluminum,0,,8.8392,3.048,26.9418816
335,7036503,power,power-pontoon,Premier,250 SunSation RF,25,8.5,,aluminum,1,,7.62,2.5908,19.741896
336,7010595,power,power-center,Everglades,253CC,25,8.5,,fiberglass,0,,7.62,2.5908,19.741896
337,6913137,power,power-center,Carolina Skiff,27 HFC Sea Chaser,27,114,,composite,1,outboard-2s,8.2296,34.7472,285.9555571
338,6910508,power,power-center,Carolina Skiff,HFC,24,8.42,3165,composite,1,,7.3152,2.566416,18.77384632
339,6971315,power,power-bay,Sea Chaser,26 LX Deluxe Bay & Lake,26,8.5,,composite,1,outboard,7.9248,2.5908,20.53157184
340,7012324,power,power-pontoon,Premier,240 SunSation Skydeck,24,8.5,,aluminum,1,outboard,7.3152,2.5908,18.95222016
341,6635853,power,power-bay,Xpress,H20B,20,7.92,1436,aluminum,1,outboard,6.096,2.414016,14.71584154
342,7037468,power,power-motor,Formula,45 Yacht,45,13.92,31800,fiberglass,2,inboard,13.716,4.242816,58.19446426
343,6543256,power,power-dualconsole,Parker,2540 Dual Console,25.33,9.5,6220,fiberglass,2,outboard-4s,7.720584,2.8956,22.35572303
344,6877525,power,power-runabout,Rossiter,R23 Classic Day Boat,23,8.33,3425,fiberglass,1,outboard,7.0104,2.538984,17.79929343
345,6875043,power,power-center,Key West,189 FS,18,8,1650,fiberglass,1,outboard-4s,5.4864,2.4384,13.37803776
346,6858115,power,power-cruiser,Tiara,39,39,15,24500,fiberglass,2,inboard,11.8872,4.572,54.3482784
347,6858155,power,power-cruiser,Tiara,39 Coupe,39,13.25,23290,fiberglass,2,inboard,11.8872,4.0386,48.00764592
348,6858633,power,power-flybridge,Tiara,53 Flybridge,53,15.92,,fiberglass,2,inboard,16.1544,4.852416,78.38786903
349,6904418,power,power-cruiser,Sea Ray,Sundancer 350 Coupe,35,11.33,18792,fiberglass,2,inboard-outboard,10.668,3.453384,36.84070051
350,6971981,power,power-center,Carolina Skiff,JVX20CC,20,6.5,1230,fiberglass,1,outboard,6.096,1.9812,12.0773952
351,6861028,power,power-center,Tidewater,210 CC,21,8.5,,fiberglass,1,outboard-4s,6.4008,2.5908,16.58319264
352,6957204,power,power-fresh,Lund,1800 Tyee,18,8,,aluminum,1,outboard-4s,5.4864,2.4384,13.37803776
353,6874513,power,power-center,Edgewater,370 CC,37,11.33,8200,fiberglass,3,outboard-4s,11.2776,3.453384,38.9458834
354,7036384,power,power-pontoon,Manitou,25 XT SRS SHP,26,8.5,,aluminum,0,,7.9248,2.5908,20.53157184
355,6822324,power,power-bowrider,Chaparral,230 Suncoast,23,8.5,3500,fiberglass,1,outboard-4s,7.0104,2.5908,18.16254432
356,6897055,power,power-pontoon,Manitou,22 Aurora Angler,22,8.5,2685,aluminum,1,outboard,6.7056,2.5908,17.37286848
357,7047202,power,power-bass,Tracker,Pro Team 195 TXW Tournament Edition,18.58,8.17,1215,aluminum,1,outboard,5.663184,2.490216,14.10255141
358,6854574,power,power-skiwake,Tige,RZX3,23,8.5,6000,fiberglass,1,inboard,7.0104,2.5908,18.16254432
359,7047723,power,power-skiwake,Mastercraft,XT23,23.33,8.5,5000,fiberglass,1,inboard,7.110984,2.5908,18.42313735
360,6972967,power,power-pontoon,Misty Harbor,1885 CR,18,8.42,,aluminum,0,,5.4864,2.566416,14.08038474
361,6874175,power,power-center,Regulator,41,41.25,12.5,20100,fiberglass,4,outboard,12.573,3.81,47.90313
362,6725018,power,power-bay,Tidewater,2200 Carolina Bay,22,8.5,2400,fiberglass,1,outboard,6.7056,2.5908,17.37286848
363,7051541,power,power-bay,Action Craft,2020,20,8,,fiberglass,1,outboard,6.096,2.4384,14.8644864
364,7052637,power,power-pontoon,South Bay,S 224 RS 3.0,24,8.5,,aluminum,0,,7.3152,2.5908,18.95222016
365,7052674,power,power-pontoon,South Bay,525 E 3.0,25,8.5,,aluminum,0,,7.62,2.5908,19.741896
366,7054655,power,power-pontoon,Crest,Crest III 240 SLRC,24,8.5,,aluminum,0,,7.3152,2.5908,18.95222016
367,7054682,power,power-pontoon,Crest,CREST I 220 L,22,8.5,,aluminum,0,,6.7056,2.5908,17.37286848
368,7054709,power,power-pontoon,Crest,Crest III L,24,8.5,,aluminum,0,,7.3152,2.5908,18.95222016
369,5762280,power,power-center,Contender,28 Tournament,28,8.83,4700,fiberglass,1,outboard,8.5344,2.691384,22.96934761
370,7042609,power,power-dualconsole,Sailfish,275 DC,27,9,7040,fiberglass,2,outboard,8.2296,2.7432,22.57543872
371,7042674,power,power-dualconsole,Sailfish,245DC,24,8.5,5350,fiberglass,1,outboard,7.3152,2.5908,18.95222016
372,6950705,power,power-center,Everglades,335,33,10.67,9500,fiberglass,2,outboard-4s,10.0584,3.252216,32.71208941
373,7056076,power,power-pontoon,Manitou,25 Oasis SR SHP,25,8.5,3885,aluminum,1,outboard,7.62,2.5908,19.741896
374,6871723,power,power-motor,Carver,C52 Command Bridge,52,15.67,43000,fiberglass,2,,15.8496,4.776216,75.70111311
375,6224380,power,power-bass,Tracker,Pro Team 195 TXW,18.58,8.17,1215,aluminum,1,outboard-4s,5.663184,2.490216,14.10255141
376,6951813,power,power-bowrider,Cobalt,R3WSS Surf,23,8.5,,fiberglass,1,,7.0104,2.5908,18.16254432
377,7043894,power,power-cruiser,Ranieri,370 SH,37,9.67,,fiberglass,2,outboard,11.2776,2.947416,33.23977868
378,7058397,power,power-center,Tidewater,210 LXF,21,8.5,2300,fiberglass,1,outboard,6.4008,2.5908,16.58319264
379,6559008,power,power-center,Contender,39 Fish Around,39,10.83,4450,fiberglass,0,,11.8872,3.300984,39.239457
380,7058569,power,power-center,Scout,215 XSF,21,8.5,2776,composite,1,outboard-4s,6.4008,2.5908,16.58319264
381,6941352,power,power-pontoon,Manitou,25 Oasis SE SHP,25,8.5,3420,aluminum,1,outboard-4s,7.62,2.5908,19.741896
382,6991846,power,power-center,Carolina Skiff,238 DLV,22.83,8,1916,fiberglass,1,outboard,6.958584,2.4384,16.96781123
383,6738211,power,power-motor,Ocean Alexander,100 Motor Yacht,100,23,,fiberglass,2,inboard,30.48,7.0104,213.676992
384,7029355,power,power-center,Tidewater,280 CC,28,9.83,5800,fiberglass,2,outboard,8.5344,2.996184,25.57063273
385,7052440,power,power-pontoon,Ranger,Reata 223C,24.17,8.5,2360,fiberglass,1,outboard,7.367016,2.5908,19.08646505
386,7046512,power,power-pontoon,Ranger,Reata 220F,24.17,8.5,2320,fiberglass,1,outboard,7.367016,2.5908,19.08646505
387,7048226,power,power-runabout,Tahoe,550 TS,19.83,7.83,2395,fiberglass,1,outboard,6.044184,2.386584,14.42495283
388,7023156,power,power-jon,Tracker,Grizzly 1860 MVX Sportsman,19.5,7,1440,aluminum,1,outboard-4s,5.9436,2.1336,12.68126496
389,6937919,power,power-center,Tidewater,232 CC,23,8.83,3200,fiberglass,1,,7.0104,2.691384,18.86767839
390,6730679,power,power-center,Cobia,277cc,27,9.67,,fiberglass,0,,8.2296,2.947416,24.25605471
391,7043286,power,power-bay,Aquasport,224 Bay,22,8.5,,fiberglass,0,,6.7056,2.5908,17.37286848
392,6859801,power,power-inflatable,Brig Inflatables,Navigator 730H,24,9.17,,hypalon,1,outboard,7.3152,2.795016,20.44610104
393,7013951,power,power-center,Wellcraft,242 Fisherman,24.33,8.5,,fiberglass,1,outboard,7.415784,2.5908,19.21281319
394,6869986,power,power-bowrider,Regal,2300 Bowrider,24,8.5,3980,fiberglass,1,inboard-outboard,7.3152,2.5908,18.95222016
395,6684466,power,power-jon,Tracker,Grizzly 1860 CC,19.17,7,1020,aluminum,1,outboard,5.843016,2.1336,12.46665894
396,7058586,power,power-deck,Stingray,212 SC,22,8.5,3100,fiberglass,1,outboard,6.7056,2.5908,17.37286848
397,4535512,power,power-skiwake,Nautique,Super Air Nautique G23,23,8.5,5400,other,1,inboard,7.0104,2.5908,18.16254432
398,6943390,power,power-sportfish,Boston Whaler,150 Montauk,15,6.5,1050,fiberglass,1,outboard,4.572,1.9812,9.0580464
399,6940079,power,power-mega,Aquila,44,44,21.5,35053,fiberglass,2,inboard,13.4112,6.5532,87.88627584
400,6867337,power,power-mega,Aquila,48,48,23.5,47620,fiberglass,2,inboard,14.6304,7.1628,104.7946291
401,7043260,power,power-pontoon,Harris,Cruiser 210,20,8.5,2143,aluminum,1,outboard,6.096,2.5908,15.7935168
402,6797227,power,power-skiwake,Nautique,Super Air Nautique 210,21,8.17,4200,fiberglass,1,inboard,6.4008,2.490216,15.93937457
403,6758005,power,power-skiwake,Nautique,Super Air Nautique GS22,22,8.33,4750,fiberglass,1,inboard,6.7056,2.538984,17.02541111
404,7009188,power,power-other,Sea Ray,SDX 250,25,8.5,5301,fiberglass,1,,7.62,2.5908,19.741896
405,6808681,power,power-other,Sea Ray,SPX 190,19,8.33,2675,fiberglass,1,,5.7912,2.538984,14.70376414
406,7009349,power,power-other,Sea Ray,250 SLX,25,8.5,5800,fiberglass,1,,7.62,2.5908,19.741896
407,6827519,power,power-other,Sea Ray,SPX 210,21,8.5,3334,fiberglass,1,,6.4008,2.5908,16.58319264
408,6100001,power,power-sportfish,Boston Whaler,170 Super Sport,17,6.83,1150,fiberglass,1,inboard,5.1816,2.081784,10.78697197
409,6099008,power,power-sportcruiser,Sea Ray,260 Sundancer,26,8.42,6667,fiberglass,1,,7.9248,2.566416,20.33833352
410,6534162,power,power-other,Sea Ray,SPX 190 OB,19,8.33,2754,fiberglass,1,inboard,5.7912,2.538984,14.70376414
411,6229894,power,power-other,Sea Ray,SPX 230,23,,,fiberglass,1,,7.0104,0,0
412,6977320,power,power-inflatable,Fluid Watercraft,WR505,14,7,1020,hypalon,1,outboard-4s,4.2672,2.1336,9.10449792
413,7040357,power,power-downeast,Eastern,248 Explorer,24,8.5,3500,fiberglass,1,outboard,7.3152,2.5908,18.95222016
414,6724703,power,power-bay,Tidewater,2110 Bay Max,21,10,2100,fiberglass,1,outboard,6.4008,3.048,19.5096384
415,7070400,power,power-pontoon,Misty Harbor,2018 2285 RL Biscayne Bay,22,8.42,,aluminum,1,outboard-4s,6.7056,2.566416,17.20935913
416,6827868,power,power-expresscruiser,Formula,370 Super Sport,37,10.75,,fiberglass,0,,11.2776,3.2766,36.95218416
417,6746622,power,power-fresh,Alumacraft,Classic 165,16.33,6.83,778,aluminum,1,outboard,4.977384,2.081784,10.36183837
418,6746722,power,power-pontoon,Qwest,Edge 7514 CR,13.92,7.58,1050,aluminum,1,outboard,4.242816,2.310384,9.802534201
419,7073969,power,power-dualconsole,Aquasport,2300 DC,23,8.5,,fiberglass,0,,7.0104,2.5908,18.16254432
420,6926270,power,power-center,Sea Chaser,HFC 24,24,101,,composite,1,,7.3152,30.7848,225.196969
421,6944544,power,power-other,Ocean Kayak,Prowler 13™ Angler,13,4,,other,0,,3.9624,1.2192,4.83095808
422,6911895,power,power-jon,Excel,EXCEL 1854 SW F4,18,5.75,,aluminum,1,outboard,5.4864,1.7526,9.61546464
423,6894390,power,power-fresh,Excel,230 STORM CAT,23,8.5,,aluminum,1,outboard,7.0104,2.5908,18.16254432
424,6821095,power,power-pontoon,Avalon,GS1985QF,19,8.5,,aluminum,1,,5.7912,2.5908,15.00384096
425,7046189,power,power-center,Sea Pro,239CC,23,8.83,,fiberglass,1,,7.0104,2.691384,18.86767839
426,6956041,power,power-skiwake,Supreme,ZS232,23.16,8.5,,fiberglass,1,inboard,7.059168,2.5908,18.28889245
427,7032400,power,power-bay,Tidewater,2500,25,9,3550,fiberglass,1,outboard,7.62,2.7432,20.903184
428,6929364,power,power-sportfish,Boston Whaler,170 Montauk,17,7.25,1700,fiberglass,1,outboard,5.1816,2.2098,11.45029968
429,6870881,power,power-saltfish,Maritime Skiff,1480,14,6.75,780,fiberglass,1,outboard-4s,4.2672,2.0574,8.77933728
430,6912288,power,power-pontoon,Barletta,E22QC,22,8.5,3400,aluminum,1,outboard-4s,6.7056,2.5908,17.37286848
431,7051507,power,power-bay,Tidewater,2500 Carolina Bay,25,9,3550,fiberglass,1,outboard,7.62,2.7432,20.903184
432,6999654,power,power-center,Sailfish,270 CC,27,9,6700,fiberglass,2,outboard,8.2296,2.7432,22.57543872
433,6908743,power,power-jon,Low Country,1641,16,4.42,,aluminum,1,outboard,4.8768,1.347216,6.570102989
434,6792617,power,power-jon,Low Country,1848,18,1.08,,aluminum,1,outboard,5.4864,0.329184,1.806035098
435,6937262,power,power-jon,Low Country,Swamp Fox 1748,17,4,,aluminum,1,outboard,5.1816,1.2192,6.31740672
436,7077887,power,power-center,Sea Pro,239 Deep V Series,23,8.83,,composite,0,,7.0104,2.691384,18.86767839
437,6232777,power,power-cruiser,Cranchi,E56F,56,15.83,51350,fiberglass,2,inboard,17.0688,4.824984,82.3566869
438,7048458,power,power-bass,Xpress,XP7 Crappie,17,7.58,1050,aluminum,1,outboard,5.1816,2.310384,11.97148573
439,7016599,power,power-bass,Xpress,X19PRO,19,7.92,,aluminum,1,outboard,5.7912,2.414016,13.98004946
440,6938647,power,power-bass,Xpress,XP170,17,7.17,920,aluminum,1,outboard,5.1816,2.185416,11.32395155
441,7079550,power,power-pontoon,Barletta,L25U,27.5,8.5,3353,aluminum,1,outboard,8.382,2.5908,21.7160856
442,7079564,power,power-pontoon,Barletta,L25UC,27.5,8.5,3353,aluminum,1,outboard,8.382,2.5908,21.7160856
443,7079689,power,power-pwc,Bombardier,RXT-X 300,11,5,,composite,1,,3.3528,1.524,5.1096672
444,6804616,power,power-cruiser,Jeanneau,NC 1095,34.5,10.92,10225,fiberglass,2,outboard-4s,10.5156,3.328416,35.00029129
445,7079750,power,power-pwc,Bombardier,Spark 3up,11,8.5,,fiberglass,1,,3.3528,2.5908,8.68643424
446,5155330,power,power-motor,Van der Valk,Explorer 28M,93,23,,steel,2,,28.3464,7.0104,198.7196026
447,5926352,power,power-motor,Van der Valk,Explorer 37M,121,,,steel,2,,36.8808,0,0
448,5054886,power,power-motor,Van der Valk,Raised Pilothouse 35M,112,,,aluminum,0,,34.1376,0,0
449,7051942,power,power-walk,Grady-White,Gulfstream 232,23.42,9.25,4605,fiberglass,2,outboard,7.138416,2.8194,20.12605007
450,6870192,power,power-flybridge,Absolute,52 FLY,52,14.83,,fiberglass,2,inboard,15.8496,4.520184,71.64310833
451,6865219,power,power-bass,Phoenix,721 Pro Xp,20.9,8,,fiberglass,1,outboard-4s,6.37032,2.4384,15.53338829
452,6948305,power,power-convertible,Viking,80 Enclosed Bridge,80,21.33,145461,composite,2,inboard,24.384,6.501384,158.5297475
453,6927298,power,power-motor,Azimut,Magellano 66,66,17.75,,fiberglass,2,,20.1168,5.4102,108.8359114
454,6842994,power,power-saltfish,Sportsman,Masters 227 Bay Boat,22.33,8.33,2350,fiberglass,1,outboard,6.806184,2.538984,17.28079228
455,6955225,power,power-center,Release,240RX,24,8.75,3500,fiberglass,2,outboard-4s,7.3152,2.667,19.5096384
456,6969510,power,power-pontoon,Manitou,25 Aurora,25,8.5,,aluminum,1,,7.62,2.5908,19.741896
457,6969512,power,power-pontoon,Manitou,25 AURORA RF SHP,25,8.5,,aluminum,1,,7.62,2.5908,19.741896
458,7087331,power,power-pontoon,Sweetwater,Sunrise 160 C,16,8,1450,aluminum,1,outboard-4s,4.8768,2.4384,11.89158912
459,7087348,power,power-pontoon,Sweetwater,1886 C,18.33,8.5,1800,aluminum,1,outboard-4s,5.586984,2.5908,14.47475815
460,7087501,power,power-pontoon,Manitou,25 OASIS RF SHP,25,8.5,,aluminum,1,,7.62,2.5908,19.741896
461,7087595,power,power-pontoon,Manitou,23 Oasis RF VP,23,8.5,,aluminum,1,,7.0104,2.5908,18.16254432
462,7087598,power,power-pontoon,Manitou,27 LEGACY LT RFXW SHP,27,8.5,,aluminum,1,,8.2296,2.5908,21.32124768
463,7045978,power,power-pontoon,Misty Harbor,2085RU,20,8.42,,other,1,outboard-4s,6.096,2.566416,15.64487194
464,7030501,power,power-pontoon,Misty Harbor,2285 ST,22,8.42,,other,1,outboard-4s,6.7056,2.566416,17.20935913
465,7030482,power,power-pontoon,Misty Harbor,2385 SA,23,8.42,,other,1,outboard-4s,7.0104,2.566416,17.99160273
466,7061264,power,power-pontoon,Misty Harbor,2385SC,24,8.42,,other,1,outboard-4s,7.3152,2.566416,18.77384632
467,7069851,power,power-dualconsole,Grady-White,Freedom 275,27,8.5,4972,fiberglass,2,outboard-4s,8.2296,2.5908,21.32124768
468,5907108,power,power-walk,Parker,2810 XLD Walk Around,28,9.5,6400,fiberglass,2,outboard-4s,8.5344,2.8956,24.71220864
469,7090102,power,power-deck,Hurricane,198RE Fish,19,6,,fiberglass,1,outboard-4s,5.7912,1.8288,10.59094656
470,7092026,power,power-saltfish,Skeeter,SX 200,19.67,8.17,1900,fiberglass,1,outboard,5.995416,2.490216,14.92988085
471,7092331,power,power-pontoon,Manitou,25 X-Plode XT RFXW,25,8.5,4035,aluminum,1,outboard-4s,7.62,2.5908,19.741896
472,7092219,power,power-cruiser,Formula,40 PC,40,12.67,22750,fiberglass,2,inboard,12.192,3.861816,47.08326067
473,7002100,power,power-deck,Starcraft,MDX 211 E OB,21.1,8.5,2715,fiberglass,1,outboard,6.43128,2.5908,16.66216022
474,7002116,power,power-deck,Starcraft,MDX 211 OB,21.1,8.5,2715,fiberglass,0,,6.43128,2.5908,16.66216022
475,6908287,power,power-center,Cape Horn,27XS,27,9,4200,fiberglass,2,outboard-4s,8.2296,2.7432,22.57543872
476,6908294,power,power-center,Cape Horn,24OS,24.08,9.08,3700,fiberglass,2,outboard-4s,7.339584,2.767584,20.31291525
477,6932026,power,power-center,Cape Horn,24XS,25,9.08,,fiberglass,0,,7.62,2.767584,21.08899008
478,6964086,power,power-bowrider,Chaparral,23 H2O Sport,23,8.5,3600,fiberglass,1,inboard-outboard,7.0104,2.5908,18.16254432
479,7005054,power,power-pontoon,South Bay,217F,18,8.5,,aluminum,0,,5.4864,2.5908,14.21416512
480,7012316,power,power-pontoon,South Bay,523 RS,23.75,8.5,2230,aluminum,1,outboard,7.239,2.5908,18.7548012
481,7077866,power,power-center,Cape Horn,32xs,31,9.08,,composite,0,,9.4488,2.767584,26.1503477
482,6949002,power,power-dualconsole,Boston Whaler,230 Vantage,23.17,8.5,3900,fiberglass,1,outboard-4s,7.062216,2.5908,18.29678921
483,7096297,power,power-runabout,Boston Whaler,160 Super Sport,16.17,6.83,1060,fiberglass,1,outboard-4s,4.928616,2.081784,10.26031393
484,7007667,power,power-motor,Viking,93 Motor Yacht,93,24.33,214685,composite,2,inboard,28.3464,7.415784,210.2107796
485,7096942,power,power-pontoon,Barletta,22,22,8.5,,aluminum,0,,6.7056,2.5908,17.37286848
486,6924634,power,power-center,Cobia,220 Center Console,22,8.5,,fiberglass,1,outboard-4s,6.7056,2.5908,17.37286848
487,6752796,power,power-motor,Carver,C34,34,11.5,17300,fiberglass,2,,10.3632,3.5052,36.32508864
488,7097781,power,power-pontoon,Misty Harbor,2085CU,20,8.42,,other,1,outboard-4s,6.096,2.566416,15.64487194
489,7000932,power,power-pontoon,South Bay,222E,22,8.5,,aluminum,0,,6.7056,2.5908,17.37286848
490,7000916,power,power-pontoon,South Bay,523FC,24.45,8.5,,aluminum,0,,7.45236,2.5908,19.30757429
491,7000934,power,power-pontoon,South Bay,523RS,24.45,8.5,,aluminum,0,,7.45236,2.5908,19.30757429
492,7000883,power,power-pontoon,South Bay,523E,24.45,8.5,,aluminum,0,,7.45236,2.5908,19.30757429
493,7040576,power,power-skiwake,Mastercraft,NXT22,22,8.17,,fiberglass,0,,6.7056,2.490216,16.69839241
494,7087320,power,power-pontoon,Manitou,Oasis RF SHP,23,8.5,,aluminum,1,,7.0104,2.5908,18.16254432
495,6348520,power,power-center,Sunsation,40 CCX,40,,,fiberglass,0,,12.192,0,0
496,7081046,power,power-deck,Starcraft,231 MDX,27.3,8.5,,fiberglass,0,,8.32104,2.5908,21.55815043
497,7081104,power,power-center,Starcraft,231 MDX CC,27.3,8.5,,fiberglass,0,,8.32104,2.5908,21.55815043
498,6832203,power,power-motor,Explorer Motor Yachts,46 Sedan,46,14.33,30864.72,fiberglass,2,inboard,14.0208,4.367784,61.23982591
499,6911908,power,power-center,Excel,1854 SWV4CC86,18,5.75,,aluminum,1,outboard,5.4864,1.7526,9.61546464
500,6855731,power,power-aluminum,Excel,1651 VIPER V4,16,6,,aluminum,1,outboard,4.8768,1.8288,8.91869184
501,6887514,power,power-aluminum,Excel,1860 SWV4,18,6.25,,fiberglass,1,outboard,5.4864,1.905,10.451592
502,6887585,power,power-center,Excel,1854 SWV4CC,18,5.75,,aluminum,1,outboard,5.4864,1.7526,9.61546464
503,6787051,power,power-bowrider,Chaparral,21 H2O Sport,21,8.33,3100,fiberglass,1,outboard,6.4008,2.538984,16.25152879
504,6420659,power,power-center,Robalo,R222 Center Console,22,,,fiberglass,1,outboard,6.7056,0,0
505,6814526,power,power-bowrider,Chaparral,SSX 237,23,8.5,,fiberglass,1,inboard-outboard,7.0104,2.5908,18.16254432
506,6846462,power,power-center,Robalo,R302 Center Console,30,10.5,8920,fiberglass,2,outboard,9.144,3.2004,29.2644576
507,6873010,power,power-center,Robalo,222 EXPLORER,22,8.5,,fiberglass,1,outboard,6.7056,2.5908,17.37286848
508,7040573,power,power-skiwake,Mastercraft,XT21,21.33,8.17,,fiberglass,0,,6.501384,2.490216,16.18985046
509,6668149,power,power-center,Invincible,33 Open Fisherman - IN STOCK,33,9.58,8100,composite,0,,10.0584,2.919984,29.37036707
510,6970411,power,power-bay,Blue Wave,2200 SL,21.33,8.5,1700,fiberglass,1,outboard,6.501384,2.5908,16.84378567
511,7070290,power,power-jet,Yamaha Boats,210FSH,21,,,fiberglass,2,inboard,6.4008,0,0
512,7026089,power,power-jon,Tracker,Grizzly 2072 CC Sportsman,21.42,8.5,1930,aluminum,1,outboard-4s,6.528816,2.5908,16.91485649
513,6874221,power,power-center,Key West,239 FS,23,8.5,2700,fiberglass,1,outboard-4s,7.0104,2.5908,18.16254432
514,7072390,power,power-saltfish,Edgewater,280CC,28,9.5,6000,fiberglass,2,multiple,8.5344,2.8956,24.71220864
515,6864839,power,power-bowrider,Bryant,Calandra,23,8.42,4750,fiberglass,1,,7.0104,2.566416,17.99160273
516,7104614,power,power-bowrider,Rinker,18QX BR,18.92,7.42,2450,fiberglass,1,inboard-outboard,5.766816,2.261616,13.04232333
517,7104635,power,power-bowrider,Bryant,Speranza,21.33,8.5,3657,fiberglass,1,inboard-outboard,6.501384,2.5908,16.84378567
518,6965201,power,power-center,Grady-White,Canyon 336,33.5,11.58,9200,fiberglass,2,outboard,10.2108,3.529584,36.03987631
519,6935439,power,power-cruiser,Everglades,350LX,35.33,10.67,12300,fiberglass,3,outboard-4s,10.768584,3.252216,35.02176118
520,6374686,power,power-center,Cobia,262 Center Console,26,9.25,,fiberglass,2,outboard-4s,7.9248,2.8194,22.34318112
521,6877524,power,power-dualconsole,Scout,255 Dorado,25.5,8.92,5900,fiberglass,2,outboard,7.7724,2.718816,21.13172548
522,6947669,power,power-bowrider,Crownline,E255EC,25,8,,fiberglass,0,,7.62,2.4384,18.580608
523,7069534,power,power-dualconsole,Grady-White,Freedom 235,23,8.5,4050,fiberglass,1,outboard,7.0104,2.5908,18.16254432
524,7028225,power,power-jon,Tracker,Grizzly 2072 CC Sportsman Kicker,21.42,8.5,2136,aluminum,1,outboard,6.528816,2.5908,16.91485649
525,6974621,power,power-bowrider,Chaparral,264 Sunesta,26.33,8.5,5400,fiberglass,1,inboard-outboard,8.025384,2.5908,20.79216487
526,6563193,power,power-motor,Ocean Alexander,Motor yacht skylounge,88,20.08,,fiberglass,2,,26.8224,6.120384,164.1633878
527,6949769,power,power-center,Invincible,42 Open,42,11.58,13700,fiberglass,0,,12.8016,3.529584,45.18432253
528,6818744,power,power-center,Chris-Craft,Catalina 34,34,10.83,12500,fiberglass,3,outboard-4s,10.3632,3.300984,34.20875739
529,6642320,power,power-flybridge,Princess,S60,60,16,63619,fiberglass,2,inboard,18.288,4.8768,89.1869184
530,7022728,power,power-pontoon,Sweetwater,SWPE 255 MT,25,8.5,,aluminum,1,,7.62,2.5908,19.741896
531,7026238,power,power-bass,Xpress,X20 PFC,20,7.92,,aluminum,1,,6.096,2.414016,14.71584154
532,7087496,power,power-center,Century,2301 Center Console,23,8.5,4150,fiberglass,1,outboard,7.0104,2.5908,18.16254432
533,4923211,power,power-sportfish,Jersey Cape,40' Devil Custom,40,14.33,,fiberglass,0,,12.192,4.367784,53.25202253
534,6831108,power,power-sportfish,Jersey Cape,44' Jersey Cape Custom,44,16,,fiberglass,2,inboard,13.4112,4.8768,65.40374016
535,4834624,power,power-sportfish,Jersey Cape,47 Custom Hardtop,47,15.58,,fiberglass,1,inboard,14.3256,4.748784,68.02918007
536,6835272,power,power-sportfish,Jersey Cape,48 Jersey Cape Custom,48,16.08,,fiberglass,2,inboard,14.6304,4.901184,71.70628239
537,5051976,power,power-sportfish,Jersey Cape,Devil 45- Express Custom,45,,,fiberglass,2,,13.716,0,0
538,6789491,power,power-jet,Scarab,255,25,8.33,3660,fiberglass,2,inboard,7.62,2.538984,19.34705808
539,6776667,power,power-bowrider,Chris-Craft,Calypso 26,26.5,8.5,6704,fiberglass,1,outboard-4s,8.0772,2.5908,20.92640976
540,6893696,power,power-cruiser,Regal,28 Express,28,8.5,7585,fiberglass,1,inboard-outboard,8.5344,2.5908,22.11092352
541,6947610,power,power-other,Yamaha Outboards,F2.5,3,1,,other,1,outboard-4s,0.9144,0.3048,0.27870912
542,6609653,power,power-bowrider,Regal,29 OBX,29,9,6550,fiberglass,2,multiple,8.8392,2.7432,24.24769344
543,6991441,power,power-center,Edgewater,158 CC,15.1,6.58,,fiberglass,0,,4.60248,2.005584,9.230660248
544,6922592,power,power-deck,Crownline,E285,28,8.5,,fiberglass,1,inboard-outboard,8.5344,2.5908,22.11092352
545,6864756,power,power-aluminum,SeaArk,ProCat 200,20.08,7.83,1300,aluminum,1,outboard,6.120384,2.386584,14.60681053
546,6909077,power,power-pilot,Boston Whaler,315 Conquest Pilothouse,31.25,10.67,8800,fiberglass,2,outboard-4s,9.525,3.252216,30.9773574
547,7008416,power,power-other,Sea Ray,SDX 290,29,9,6595,fiberglass,1,,8.8392,2.7432,24.24769344
548,6837438,power,power-bass,G3,Sportsman 1710,17.8,7.67,,aluminum,1,outboard-4s,5.42544,2.337816,12.68368044
549,6935156,power,power-bass,Phoenix,20 PHX,20.5,8,,fiberglass,1,outboard-4s,6.2484,2.4384,15.23609856
550,7112014,power,power-runabout,Boston Whaler,150 Super Sport,15.33,6.5,900,fiberglass,1,outboard-4s,4.672584,1.9812,9.257323421
551,7112020,power,power-center,Boston Whaler,210 Dauntless,20.5,8.5,2600,fiberglass,1,outboard-4s,6.2484,2.5908,16.18835472
552,6969848,power,power-center,Regulator,25,25.17,8.83,7500,fiberglass,2,outboard,7.671816,2.691384,20.64780283
553,6987853,power,power-jon,Tracker,Grizzly 1654 T Sportsman,17.33,6.5,744,aluminum,1,outboard-4s,5.282184,1.9812,10.46506294
554,6242479,power,power-bowrider,Chaparral,307 SSX,30.5,9.5,8400,fiberglass,1,inboard-outboard,9.2964,2.8956,26.91865584
555,6620732,power,power-dualconsole,Parker,2540 DC,25,9.5,6220,fiberglass,2,outboard-4s,7.62,2.8956,22.064472
556,6059764,power,power-center,Parker,2501 Center Console,25,9.5,4500,fiberglass,1,outboard-4s,7.62,2.8956,22.064472
557,6624592,power,power-saltfish,Parker,2120 Sport Cabin,21,8.5,3250,fiberglass,1,outboard-4s,6.4008,2.5908,16.58319264
558,6987352,power,power-bowrider,Chaparral,244 Sunesta,24,8.5,4400,fiberglass,1,inboard-outboard,7.3152,2.5908,18.95222016
559,6546518,power,power-jon,Tracker,Topper 1436 Riveted Jon,13.83,4.42,162,aluminum,1,outboard,4.215384,1.347216,5.679032771
560,6975763,power,power-dualconsole,Grady-White,Freedom 285,28,9.5,5980,fiberglass,2,outboard,8.5344,2.8956,24.71220864
561,6505422,power,power-center,Invincible,42 Open Fisherman,42,11.58,13400,composite,0,,12.8016,3.529584,45.18432253
562,6749697,power,power-center,Regal,33 SAV,33,10.33,11750,fiberglass,2,outboard-4s,10.0584,3.148584,31.66971731
563,7116782,power,power-pontoon,Starcraft,EXS 1,20.83,8.5,1850,aluminum,1,outboard,6.348984,2.5908,16.44894775
564,7046091,power,power-center,Pursuit,C 238,24,8.5,4580,fiberglass,1,outboard-4s,7.3152,2.5908,18.95222016
565,7117091,power,power-pontoon,Manitou,25 Oasis,26.33,8.5,3420,aluminum,1,outboard,8.025384,2.5908,20.79216487
566,7080853,power,power-center,Starcraft,211 MDX CC,21.8,8.5,2715,fiberglass,0,,6.64464,2.5908,17.21493331
567,6740954,power,power-center,Yellowfin,36 Center Console,36,10,9500,fiberglass,3,outboard-4s,10.9728,3.048,33.4450944
568,7027852,power,power-skiwake,Glastron,GTD 205,21,8,,fiberglass,1,inboard-outboard,6.4008,2.4384,15.60771072
569,7116800,power,power-pontoon,Starcraft,EXS 3,23,8.42,,aluminum,1,outboard,7.0104,2.566416,17.99160273
570,7027711,power,power-pontoon,Sylvan,Mirage 8520DLZ,20,8,,aluminum,1,outboard,6.096,2.4384,14.8644864
571,6831557,power,power-skiwake,Mastercraft,X24,24.17,8.5,6100,fiberglass,1,inboard,7.367016,2.5908,19.08646505
572,6963805,power,power-center,Sea Chaser,sea skiff,19,8,1861,fiberglass,0,,5.7912,2.4384,14.12126208
573,7059690,power,power-pontoon,Sylvan,Mirage Cruise 820 Cruise,20,8,,fiberglass,1,,6.096,2.4384,14.8644864
574,7118313,power,power-pontoon,Sylvan,Mirage Cruise LE 8522 DLZ LE,22,8.5,,fiberglass,1,,6.7056,2.5908,17.37286848
575,7052837,power,power-bowrider,Glastron,GT Jet 207,20,8,2520,fiberglass,1,,6.096,2.4384,14.8644864
576,7052879,power,power-skiwake,Tige,20-R20,20,,,fiberglass,1,,6.096,0,0
577,7118376,power,power-jet,Yamaha Boats,AR 195,19,8,,fiberglass,1,,5.7912,2.4384,14.12126208
578,7086861,power,power-deck,Starcraft,Limited OB 1915 OB,19,8.5,,fiberglass,1,,5.7912,2.5908,15.00384096
579,7046321,power,power-pontoon,JC PONTOON,SPORTTOON 24 LG,24,,,fiberglass,1,,7.3152,0,0
580,6578145,power,power-bowrider,Chaparral,257 SSX,25,8.5,4700,fiberglass,1,inboard-outboard,7.62,2.5908,19.741896
581,7118900,power,power-skiwake,Centurion,Ri237,23,8.5,5450,fiberglass,1,inboard,7.0104,2.5908,18.16254432
582,5073718,power,power-center,Cobia,344 Center Console,34,11.17,8600,fiberglass,1,outboard,10.3632,3.404616,35.28271653
583,6072729,power,power-cruiser,Monterey,355 Sport Yacht,35,11.25,14700,fiberglass,2,inboard-outboard,10.668,3.429,36.580572
584,5371656,power,power-skiwake,Monterey,M4,24,8.5,4500,fiberglass,1,inboard-outboard,7.3152,2.5908,18.95222016
585,7119551,power,power-center,Sea Fox,228 Commander,22,8.5,2700,fiberglass,1,outboard,6.7056,2.5908,17.37286848
586,7119563,power,power-pontoon,Veranda,Relax 22RC,22,8.5,2700,aluminum,1,outboard,6.7056,2.5908,17.37286848
587,7119580,power,power-jon,Xpress,H16DB,16,6.25,637,aluminum,1,outboard,4.8768,1.905,9.290304
588,6965308,power,power-center,Robalo,R180,18.4,8,2600,fiberglass,1,outboard-4s,5.60832,2.4384,13.67532749
589,7118281,power,power-jet,Yamaha Boats,SX 190,19,8,,fiberglass,1,,5.7912,2.4384,14.12126208
590,7059542,power,power-pontoon,Starcraft,EX Pontoon 22 C,22,8.5,2100,aluminum,1,,6.7056,2.5908,17.37286848
591,7086812,power,power-pontoon,Sylvan,Mirage Cruise 8522 LZ,22,8.5,,fiberglass,1,,6.7056,2.5908,17.37286848
592,6934172,power,power-sportfish,NauticStar,251 HYBRID,25,,,fiberglass,1,outboard,7.62,0,0
593,7051888,power,power-bowrider,Grady-White,215 Freedom,23,8.5,,fiberglass,1,outboard,7.0104,2.5908,18.16254432
594,7026262,power,power-sportfish,Viking,44 Sport Coupe,44,16.33,49998,fiberglass,0,,13.4112,4.977384,66.7526923
595,7027761,power,power-sportfish,Viking,44 Sport Tower,44,16.33,49998,fiberglass,0,,13.4112,4.977384,66.7526923
596,5092862,power,power-bay,Sportsman,247 MASTERS,24,8.42,,fiberglass,1,outboard-4s,7.3152,2.566416,18.77384632
597,6869762,power,power-dualconsole,Edgewater,262CX,26,9.25,5750,composite,2,outboard,7.9248,2.8194,22.34318112
598,6978051,power,power-dualconsole,Boston Whaler,270 Vantage,26.83,9,5200,fiberglass,2,outboard-4s,8.177784,2.7432,22.43329707
599,6265265,power,power-tender,Williams Jet Tenders,Sportjet 520,17.06,6.58,1311,fiberglass,1,inboard,5.199888,2.005584,10.42881217
600,6265347,power,power-tender,Williams Jet Tenders,Dieseljet 505,16.5,6.58,1940,fiberglass,1,inboard,5.0292,2.005584,10.08648305
601,7033650,power,power-skiwake,Mastercraft,XT20,20,8.17,,fiberglass,0,,6.096,2.490216,15.18035674
602,6265245,power,power-tender,Williams Jet Tenders,Sportjet 460,15.1,6.58,1212,fiberglass,1,inboard,4.60248,2.005584,9.230660248
603,6987390,power,power-runabout,Monterey,M20,20,8.5,,fiberglass,0,,6.096,2.5908,15.7935168
604,6265324,power,power-tender,Williams Jet Tenders,Dieseljet 445,14.9,6.58,1852,fiberglass,1,inboard,4.54152,2.005584,9.108399848
605,6777610,power,power-tender,Williams Jet Tenders,Sportjet 435,14.3,6.33,,other,1,outboard,4.35864,1.929384,8.409490278
606,6551577,power,power-tender,Williams Jet Tenders,Sportjet 395,12.67,5.58,815,fiberglass,1,inboard,3.861816,1.700784,6.568114864
607,6505317,power,power-tender,Williams Jet Tenders,Sportjet 345,11.25,5.58,772,fiberglass,1,inboard,3.429,1.700784,5.831988336
608,6265061,power,power-tender,Williams Jet Tenders,Turbojet 325,10.67,5.67,717,fiberglass,1,inboard,3.252216,1.728216,5.620531727
609,6747852,power,power-tender,Williams Jet Tenders,Minijet 280,9.12,5.08,463,other,1,inboard,2.779776,1.548384,4.304160682
610,6265021,power,power-tender,Williams Jet Tenders,Turbojet 285,9.36,5.58,661,fiberglass,1,inboard,2.852928,1.700784,4.852214296
611,7023397,power,power-convertible,Viking,92 Convertible,92,24.08,,fiberglass,2,inboard,28.0416,7.339584,205.8136787
612,3739956,power,power-center,Tidewater,180CC Adventure,18,7.75,1650,fiberglass,1,,5.4864,2.3622,12.95997408
613,7081882,power,power-sportfish,Viking,72 Enclosed Bridge,72,20,,fiberglass,2,inboard,21.9456,6.096,133.7803776
614,7024051,power,power-sportfish,Viking,62 Enclosed Bridge,62,18.92,94025,fiberglass,2,,18.8976,5.766816,108.978982
615,7028010,power,power-sportfish,Viking,52 Sport Coupe,52,17.5,67000,fiberglass,2,inboard,15.8496,5.334,84.5417664
616,7082098,power,power-sportfish,Viking,52 Open,52,17.5,67680,fiberglass,2,inboard,15.8496,5.334,84.5417664
617,7027713,power,power-sportfish,Viking,48 Open,48,17,63895,fiberglass,2,inboard,14.6304,5.1816,75.80888064
618,7047646,power,power-sportfish,Viking,48 Sport Coupe,48,17,66342,fiberglass,2,inboard,14.6304,5.1816,75.80888064
619,6620415,power,power-pontoon,Silver Wave,210 Island CC,20.83,8.5,1700,aluminum,1,outboard,6.348984,2.5908,16.44894775
620,7107329,power,power-dualconsole,Edgewater,230CX,23,8.5,,fiberglass,0,,7.0104,2.5908,18.16254432
621,7107336,power,power-dualconsole,Edgewater,248 CX,24.5,8.5,3550,fiberglass,1,outboard,7.4676,2.5908,19.34705808
622,7089634,power,power-bowrider,Glastron,HFS GTS 205,20,8.42,,fiberglass,0,,6.096,2.566416,15.64487194
623,7089652,power,power-skiwake,Glastron,HV GTD 205,20,8.42,,fiberglass,0,,6.096,2.566416,15.64487194
624,7089807,power,power-pontoon,Starcraft,EXS-1,21,8.42,,aluminum,0,,6.4008,2.566416,16.42711553
625,6935737,power,power-highperf,Donzi,41 GT,41,9.67,12000,fiberglass,3,outboard-4s,12.4968,2.947416,36.83326827
626,7007568,power,power-pcatamaran,World Cat,230 DC,22.58,8.5,4900,fiberglass,2,multiple,6.882384,2.5908,17.83088047
627,6863377,power,power-skiwake,Nautique,GS 24,24,8.5,,fiberglass,1,,7.3152,2.5908,18.95222016
628,6892398,power,power-flybridge,Ferretti Yachts,450,45,14.17,42549,fiberglass,2,inboard,13.716,4.319016,59.23962346
629,6317678,power,power-center,Release,208RX,21,,,fiberglass,1,,6.4008,0,0
630,7111200,power,power-pontoon,Crest,Continental 250 SLS,26,8.5,3825,aluminum,1,outboard-4s,7.9248,2.5908,20.53157184
631,6944869,power,power-pilot,Steiger Craft,21 DV MIAMI,21,8.5,4700,fiberglass,1,outboard-4s,6.4008,2.5908,16.58319264
632,6945769,power,power-center,Blackfin,242CC,24,8.83,,fiberglass,1,,7.3152,2.691384,19.68801224
633,6945923,power,power-pilot,Steiger Craft,255 Miami,25,8.5,5900,fiberglass,1,outboard-4s,7.62,2.5908,19.741896
634,6985272,power,power-pontoon,Harris,Cruiser 230,22,8.5,2495,aluminum,1,outboard,6.7056,2.5908,17.37286848
635,6896593,power,power-dualconsole,Chris-Craft,28 GT Launch,28,8.5,,fiberglass,0,,8.5344,2.5908,22.11092352
636,7087568,power,power-pontoon,Manitou,25 Oasis RF,26.33,8.5,3885,aluminum,1,outboard,8.025384,2.5908,20.79216487
637,7087540,power,power-jet,Yamaha Boats,SX210,21.25,8.5,3172,fiberglass,2,inboard,6.477,2.5908,16.7806116
638,6969496,power,power-pontoon,Manitou,25 Aurora LE RF SHP,25,8.5,3420,aluminum,1,outboard-4s,7.62,2.5908,19.741896
639,6904878,power,power-center,Robalo,202 EXPLORER,20,8.33,,fiberglass,1,outboard,6.096,2.538984,15.47764646
640,5451085,power,power-jet,Scarab,165,15.75,7.08,1600,fiberglass,1,inboard,4.8006,2.157984,10.35961799
641,7128009,power,power-bay,Aquasport,244 Bay,24,8.5,,fiberglass,1,,7.3152,2.5908,18.95222016
642,6921108,power,power-pwc,Yamaha WaveRunner,EX,10.25,3.75,578,other,1,other,3.1242,1.143,3.5709606
643,7125659,power,power-center,Pioneer,266 Pelagic,26.5,9.17,,fiberglass,2,,8.0772,2.795016,22.57590324
644,6825302,power,power-bowrider,Cobalt,R3 WSS,23,8.5,,fiberglass,1,,7.0104,2.5908,18.16254432
645,7128106,power,power-bass,Ranger,118c,18,8,,fiberglass,0,,5.4864,2.4384,13.37803776
646,7129464,power,power-pontoon,Manitou,25 LEGACY RF,25,8.5,,aluminum,1,,7.62,2.5908,19.741896
647,7130219,power,power-pontoon,Manitou,23 Oasis RF SHP,23,8.5,,aluminum,1,,7.0104,2.5908,18.16254432
648,7130228,power,power-jet,Yamaha Boats,212 Limited S,21.25,8.5,3598,fiberglass,2,inboard,6.477,2.5908,16.7806116
649,6777731,power,power-dualconsole,Grady-White,Freedom 255,24.9,8.5,4459,fiberglass,1,outboard-4s,7.58952,2.5908,19.66292842
650,7129398,power,power-motor,Hatteras,M90 Panacera,90,22.5,230000,fiberglass,2,inboard,27.432,6.858,188.128656
651,7129064,power,power-motor,Hatteras,M75 Panacera,75,21,155000,fiberglass,2,inboard,22.86,6.4008,146.322288
652,7129086,power,power-motor,Hatteras,M60,60,18.17,87700,fiberglass,2,inboard,18.288,5.538216,101.2828942
653,7129191,power,power-sportfish,Hatteras,GT45X,45,16.5,49700,fiberglass,2,inboard,13.716,5.0292,68.9805072
654,7129431,power,power-convertible,Hatteras,GT54,54,17.25,75000,fiberglass,2,inboard,16.4592,5.2578,86.53918176
655,7128925,power,power-convertible,Hatteras,GT65 Carolina,65,20,103000,fiberglass,2,inboard,19.812,6.096,120.773952
656,7130360,power,power-pwc,Bombardier,GTI 90,11,4,,fiberglass,1,,3.3528,1.2192,4.08773376
657,7130584,power,power-bowrider,Chaparral,300 OSX,30,9.5,8900,composite,2,outboard-4s,9.144,2.8956,26.4773664
658,7130678,power,power-pontoon,Manitou,25 Encore,26,8.5,,aluminum,1,,7.9248,2.5908,20.53157184
659,6858618,power,power-pontoon,Bennington,23 Stern Fish,23,8.5,,aluminum,1,outboard-4s,7.0104,2.5908,18.16254432
660,7015574,power,power-pontoon,Bennington,23 RSBWA,23.33,8.5,,aluminum,1,outboard,7.110984,2.5908,18.42313735
661,6758907,power,power-pontoon,Bennington,20 SLX,19.33,8.5,1723,aluminum,1,outboard,5.891784,2.5908,15.26443399
662,6858613,power,power-pontoon,Bennington,23RCW,23,8.5,,aluminum,1,outboard-4s,7.0104,2.5908,18.16254432
663,7087253,power,power-pontoon,Harris,250 CR,25,8.5,,aluminum,1,,7.62,2.5908,19.741896
664,7111156,power,power-bowrider,Formula,270 Bowrider,27,8.5,6200,fiberglass,1,inboard-outboard,8.2296,2.5908,21.32124768
665,7035699,power,power-expresscruiser,Formula,350 Sun Sport,35,10.75,13470,fiberglass,2,inboard-outboard,10.668,3.2766,34.9547688
666,7123799,power,power-cruiser,Formula,37 Performance Cruiser,37,12,17500,fiberglass,2,inboard,11.2776,3.6576,41.24894976
667,7131327,power,power-pwc,Bombardier,RXT 230,11,5,,fiberglass,1,,3.3528,1.524,5.1096672
668,7131408,power,power-pontoon,Manitou,25 Encore RF,25,8.5,,aluminum,1,,7.62,2.5908,19.741896
669,6394905,power,power-skiff,May-Craft,189 Cape Classic,18,7.5,,fiberglass,1,outboard,5.4864,2.286,12.5419104
670,7131853,power,power-pontoon,Bennington,20 SSRXP,20,8.5,,aluminum,1,outboard,6.096,2.5908,15.7935168
671,6284018,power,power-rib,Gala,F300A,9.83,5.58,,pvc,1,outboard,2.996184,1.700784,5.095861808
672,6921281,power,power-skiwake,Mastercraft,x22,22,8,5500,fiberglass,1,,6.7056,2.4384,16.35093504
673,7073708,power,power-center,Sportsman,Open 282,28,9.25,,fiberglass,0,,8.5344,2.8194,24.06188736
674,6815828,power,power-pontoon,Crest,Classic 250,25,,,aluminum,1,outboard,7.62,0,0
675,6815893,power,power-pontoon,Crest,I 220,22,,,aluminum,1,outboard,6.7056,0,0
676,7102144,power,power-center,Sea Born,LX 24 CC,23.8,8.5,2600,fiberglass,0,,7.25424,2.5908,18.79428499
677,6862328,power,power-skiwake,Nautique,Super Air Nautique GS24,24,8.33,5100,fiberglass,1,inboard,7.3152,2.538984,18.57317576
678,7008411,power,power-other,Sea Ray,SDX 270,27,8.5,5659,fiberglass,1,,8.2296,2.5908,21.32124768
679,7101967,power,power-bay,Sea Born,FX 25,24.9,8.75,2600,fiberglass,0,,7.58952,2.667,20.24124984
680,7102039,power,power-center,Sea Born,LX 21 CC,20.5,8.5,2100,fiberglass,0,,6.2484,2.5908,16.18835472
681,7102136,power,power-center,Sea Born,LX 22 CC,21.8,8.5,2300,fiberglass,0,,6.64464,2.5908,17.21493331
682,7102335,power,power-center,Sea Born,SX 281 Offshore,27.8,9.58,5800,fiberglass,0,,8.47344,2.919984,24.74230922
683,7005185,power,power-mega,Azimut,66 Flybridge,66,,,fiberglass,2,inboard,20.1168,0,0
684,7036522,power,power-dualconsole,Pursuit,DC 235 Dual Console,24.33,8.5,5350,fiberglass,1,outboard,7.415784,2.5908,19.21281319
685,7131516,power,power-center,Sea Chaser,22 HFC,21.85,8.42,2700,fiberglass,0,,6.65988,2.566416,17.09202259
686,7131743,power,power-center,Sea Chaser,27 HFC,27,9.5,5288,fiberglass,0,,8.2296,2.8956,23.82962976
687,6840655,power,power-bowrider,Chaparral,250 Suncoast,25,8.5,4100,fiberglass,1,outboard,7.62,2.5908,19.741896
688,7111693,power,power-deck,Starcraft,1915 Ob,19,8.5,2250,fiberglass,1,outboard-4s,5.7912,2.5908,15.00384096
689,7119799,power,power-pontoon,Starcraft,EX 20 C,20.83,8.5,,aluminum,1,outboard,6.348984,2.5908,16.44894775
690,7079693,power,power-pwc,Bombardier,GTX LTD 300,11,8.5,,fiberglass,1,,3.3528,2.5908,8.68643424
691,7079698,power,power-pwc,Bombardier,GTX LTD 230,11,8.5,,fiberglass,1,,3.3528,2.5908,8.68643424
692,7088832,power,power-bowrider,Crownline,Eclipse E255 Surf,25.25,8.5,5701,fiberglass,1,inboard-outboard,7.6962,2.5908,19.93931496
693,7134988,power,power-other,Sea Ray,SDX 290 Outboard,29,9,7030,fiberglass,2,outboard,8.8392,2.7432,24.24769344
694,6977346,power,power-center,Carolina Skiff,198 DLV,19,8,1660,fiberglass,1,outboard,5.7912,2.4384,14.12126208
695,6979381,power,power-center,Cape Horn,22 OS,22,9.08,2775,fiberglass,1,outboard-4s,6.7056,2.767584,18.55831127
696,6798003,power,power-center,Cape Horn,31 Cc,31,9.08,5300,fiberglass,2,multiple,9.4488,2.767584,26.1503477
697,6553250,power,power-runabout,Cobalt,25 SC,25,8.5,,fiberglass,1,,7.62,2.5908,19.741896
698,6819386,power,power-pontoon,Starcraft,EX 22R,22,8.5,,aluminum,1,,6.7056,2.5908,17.37286848
699,6924614,power,power-pontoon,Starcraft,MX 23 C,24.83,8.5,2425,aluminum,1,outboard,7.568184,2.5908,19.60765111
700,6845841,power,power-dualconsole,Scout,275 Dorado,27,9,5720,composite,2,outboard,8.2296,2.7432,22.57543872
701,4583328,power,power-center,Scout,300 Lxf,30,,,fiberglass,0,,9.144,0,0
702,6849486,power,power-sportfish,Scout,177 Sport,17,7.25,1000,fiberglass,1,outboard,5.1816,2.2098,11.45029968
703,7117084,power,power-pontoon,Manitou,22 Aurora,22.92,8,2010,aluminum,1,outboard,6.986016,2.4384,17.03470141
704,7051737,power,power-pwc,Kawasaki,SXR,8,,,other,1,inboard,2.4384,0,0
705,3561831,power,power-skifish,Lowe,Fish & Ski FS1810,18.25,7.92,1350,aluminum,0,,5.5626,2.414016,13.4282054
706,7140087,power,power-bay,Tidewater,2700 Carolina Bay,27.17,9.33,4100,fiberglass,1,outboard,8.281416,2.843784,23.55055832
707,7140113,power,power-skiwake,Moomba,Max,22.5,8.5,4500,fiberglass,1,inboard,6.858,2.5908,17.7677064
708,7007541,sail,sail-racercruiser,Beneteau,Oceanis 51.1,51,15.75,30702,fiberglass,1,inboard,15.5448,4.8006,74.62436688
709,6340006,power,power-center,Everglades,273CC,27,9.25,7540,fiberglass,2,outboard-4s,8.2296,2.8194,23.20253424
